Date,GLD,SPY,TLT.O,TSLA.O
2020-01-02,0.007347795660000001,0.009351892130000001,0.011330085620000001,0.02851815552
2020-01-03,0.013268496009999999,-0.00757225967,0.01536328139,0.029633245010000003
2020-01-06,0.01048951049,0.0038150181399999998,-0.00567855089,0.01925464436
2020-01-07,0.00393513807,-0.00281176616,-0.00495192655,0.03880054923
2020-01-08,-0.00750152058,0.0053295324300000006,-0.0065748846699999995,0.04920479256
2020-01-09,-0.00565164102,0.006780705809999999,0.00351031154,-0.02194497501
2020-01-10,0.00602615901,-0.00287769784,0.00889083224,-0.00662733203
2020-01-13,-0.0074195085400000005,0.0068772834699999995,-0.00303380526,0.09768900972000001
2020-01-14,-0.00089151008,-0.0015246226600000002,0.005144182000000001,0.0248828259
2020-01-15,0.00583430572,0.00225988701,0.00663158653,-0.03610202261
2020-01-16,-0.0015695373300000002,0.00831835217,-0.00315073398,-0.00966248795
2020-01-17,0.0018453967600000002,0.00311253475,-0.00854823648,-0.00582289821
2020-01-21,0.0010915541,-0.00195812622,0.010505723810000001,0.07189030362
2020-01-22,0.00034073872,0.00012073649000000001,0.00351330035,0.040862573099999994
2020-01-23,0.00224810954,0.00114685821,0.00700200057,0.00463515696
2020-01-24,0.00584556824,-0.008893042319999999,0.00808854832,-0.012897588259999999
2020-01-27,0.00682524665,-0.01602944308,0.015554617120000001,-0.012039233739999999
2020-01-28,-0.008926773609999999,0.01047913447,-0.00783145055,0.01591340812
2020-01-29,0.005417851820000001,-0.0008259659199999999,0.00977926795,0.02485447169
2020-01-30,6.735821e-05,0.0032453615800000003,0.00013835086,0.10296218524
2020-01-31,0.00579241598,-0.01815795898,0.00912989348,0.015230723619999999
2020-02-03,-0.00649568071,0.00742858919,-0.0008090061699999999,0.19894861429
2020-02-04,-0.01300889728,0.01524126867,-0.013467088089999999,0.13725641026
2020-02-05,0.0012292562999999999,0.01154804595,-0.01093467057,-0.17175839289
2020-02-06,0.00538844554,0.0033647779799999998,0.00450672488,0.0194092827
2020-02-07,0.0026458616,-0.00532966046,0.012478093240000002,-0.0011883144599999999
2020-02-10,0.00257121591,0.0074653823,0.00276950772,0.03102650821
2020-02-11,-0.00344199231,0.00173299869,-0.00504039218,0.0040192926
2020-02-12,-0.00081267777,0.006442760840000001,-0.00506592644,-0.00915571167
2020-02-13,0.00569337129,-0.00106691957,0.00383622794,0.04784370968
2020-02-14,0.00417846071,0.00160208865,0.00437743191,-0.00493781095
2020-02-18,0.012818791949999998,-0.0025770142200000003,0.00684884123,0.07295976401
2020-02-19,0.00583129017,0.0047812787699999994,-6.870963e-05,0.06875582479
2020-02-20,0.00408459055,-0.00410829343,0.0078334364,-0.019631139500000002
2020-02-21,0.015025260810000001,-0.010298263839999999,0.0093406968,0.00176782557
2020-02-24,0.00898513251,-0.03316540722,0.014928397730000001,-0.07459489456
2020-02-25,-0.01787430329,-0.03030209044,0.00532445923,-0.040633732709999995
2020-02-26,0.00437051533,-0.00367823445,-0.00529625952,-0.02639046893
2020-02-27,0.00019484315,-0.044911717500000004,0.01084858569,-0.12814586543
2020-02-28,-0.03649350649,-0.00420153944,0.022583618649999998,-0.01621502209
2020-03-02,0.0055263512599999995,0.04330655505,-0.0073450389500000005,0.11322025779
2020-03-03,0.03143431635,-0.02863243715,0.01552552943,0.0025416207200000002
2020-03-04,0.0017544999699999999,0.042033040230000006,-0.0106185633,0.00535204088
2020-03-05,0.02160093409,-0.03324170556,0.02489170492,-0.03330220147
2020-03-06,0.00038097657,-0.016531111549999998,0.052043906130000005,-0.02906671819
2020-03-09,0.00165026976,-0.07809453372,0.02710319602,-0.13572525161
2020-03-10,-0.021101324379999998,0.05174488568,-0.051258100300000005,0.06139802632
2020-03-11,-0.00356033143,-0.0487483531,-0.03679773552,-0.017200502070000002
2020-03-12,-0.0398882609,-0.09567721241999999,0.00619689516,-0.11617236649000001
2020-03-13,-0.03051627309,0.08548627624999999,-0.0226031746,-0.02485059317
2020-03-16,-0.01144611949,-0.10942373385,0.06476549305,-0.18577805422000002
2020-03-17,0.013555492799999999,0.053992078379999996,-0.06668293576,-0.03341047476
2020-03-18,-0.01992198384,-0.05063291139000001,-0.05641260295,-0.16034402603
2020-03-19,-0.01890547264,0.002125,0.027225493589999997,0.18387686174999998
2020-03-20,0.01499565343,-0.04284412706,0.07519557594,-0.0002572257
2020-03-23,0.04417957319,-0.02556818182,0.041209308160000006,0.0158117559
2020-03-24,0.04853041695,0.09060327428,-0.01861445783,0.1628174722
2020-03-25,-0.01368970013,0.01497018301,-0.0022711926800000003,0.06782178218
2020-03-26,0.012822207530000001,0.05838972406,0.004921865389999999,-0.020565600370000003
2020-03-27,-0.00646045419,-0.0297856049,0.02669278805,-0.02612844593
2020-03-30,0.0044006568099999996,0.03247573199,-0.00822898032,-0.023777121079999998
2020-03-31,-0.03184671724,-0.01490540799,-0.00811688312,0.04355445801
2020-04-01,0.00945626478,-0.04500484966,0.013990525549999999,-0.08099236640999999
2020-04-02,0.01639344262,0.02307536055,0.0063457854400000005,-0.05625467231
2020-04-03,0.00493745885,-0.014454195290000001,0.00237953599,0.05619732876
2020-04-06,0.02771044874,0.0671662839,-0.00261127596,0.07547759422
2020-04-07,-0.00535441101,0.0010194064799999999,-0.01047245032,0.05658220981999999
2020-04-08,-0.00890797231,0.03356843812,-0.00727600722,0.00621505179
2020-04-09,0.02612350469,0.015217311970000001,0.00181719062,0.04402011515
2020-04-13,0.01714033651,-0.009130122210000001,-0.009129935300000001,0.13603839442
2020-04-14,0.00786816182,0.02949285352,-0.00024408103,0.09054458868
2020-04-15,-0.00510204082,-0.02124810599,0.02648925781,0.028088858839999998
2020-04-16,-0.0008649984600000001,0.00482430876,0.011356879529999999,0.021073400649999997
2020-04-17,-0.01941747573,0.02701540666,-0.013404668120000001,0.011647723459999999
2020-04-20,0.00712619033,-0.01761791795,0.00804481259,-0.00998819456
2020-04-21,-0.00682529743,-0.03036329415,0.012591629230000002,-0.07990781928
2020-04-22,0.01967089086,0.022194550249999997,-0.010216591740000001,0.06609680801
2020-04-23,0.009954863040000001,-7.16589e-05,0.00530848177,-0.036169428090000004
2020-04-24,-0.00428553937,0.013938655579999999,0.00234686693,0.02766322294
2020-04-27,-0.00664043286,0.014418489590000002,-0.018613907750000002,0.10149624216
2020-04-28,-0.00445654865,-0.004598502,0.0115113921,-0.03709546166
2020-04-29,0.00553344939,0.026178560179999998,-0.0051889852,0.04081287705
2020-04-30,-0.01811661411,-0.00931073292,-0.01167684192,-0.02327266368
2020-05-01,0.00617128463,-0.0264734233,0.00855347847,-0.10303371361
2020-05-04,0.0035048191299999996,0.0027582304899999997,-0.00470378089,0.08536759254
2020-05-05,0.0042409879,0.00923934126,-0.00640105288,0.009222401770000001
2020-05-06,-0.01285554589,-0.00677871344,-0.01613582997,0.01870582263
2020-05-07,0.015350739229999999,0.01206684257,0.01670644391,-0.00324567456
2020-05-08,-0.006010285640000001,0.016546162399999998,-0.013001083419999998,0.050484590530000005
2020-05-11,-0.0062336367000000005,0.00020517029,-0.00780582998,-0.0099216519
2020-05-12,0.0038890979799999998,-0.01993162393,0.0102642901,-0.00231729714
2020-05-13,0.00962259435,-0.01768584086,0.00699641054,-0.02279438109
2020-05-14,0.00885010521,0.011967329550000001,0.00978733688,0.01563922322
2020-05-15,0.0056438255299999995,0.00459697512,-0.0025726935499999996,-0.00517844472
2020-05-18,-0.00756420423,0.030459689810000003,-0.021954291879999997,0.01809377229
2020-05-19,0.009650255089999999,-0.01027118644,0.00374118369,-0.00690731659
2020-05-20,0.00237428467,0.01698804672,0.00299401198,0.009343943759999999
2020-05-21,-0.01457637413,-0.0069039841,0.0024977155,0.01476286233
2020-05-22,0.0059167950700000005,0.0018990775900000001,0.0060160427800000004,-0.012953117450000001
2020-05-26,-0.01421481527,0.01232060655,-0.01340984597,0.00243609833
2020-05-27,0.0018024737399999998,0.01487896215,-0.0018367721800000001,0.00166082528
2020-05-28,0.0033502916,-0.0018449576600000001,-0.00368030424,-0.01758043476
2020-05-29,0.00735839723,0.00445588672,0.007141537890000001,0.03622442015
2020-06-01,0.00460376895,0.00404179811,-0.0067229720599999996,0.07556886228
2020-06-02,-0.006476842229999999,0.00828015055,-0.0036356914,-0.01841665739
2020-06-03,-0.0184501845,0.01330823163,-0.01329704991,0.00158809383
2020-06-04,0.01052631579,-0.00262668973,-0.01447912749,-0.02104285585
2020-06-05,-0.02027529762,0.025629496399999997,-0.00712332252,0.024618801920000002
2020-06-08,0.010822099869999999,0.01208743033,0.0038434437300000003,0.07255605989
2020-06-09,0.00964187328,-0.007456683170000001,0.0113585604,-0.00973766212
2020-06-10,0.014324693040000001,-0.00557997444,0.01482743391,0.08970202090000001
2020-06-11,-0.0072140368,-0.05764890281999999,0.01890077095,-0.05093410078
2020-06-12,0.00141634337,0.011975649509999998,-0.00964120088,-0.03860860984
2020-06-15,-0.0017832984900000002,0.00933565629,0.00055452865,0.05946882217
2020-06-16,-0.00049282326,0.01924767953,-0.01533345649,-0.00885053991
2020-06-17,0.00191063174,-0.00415388548,0.004127579740000001,0.00983576512
2020-06-18,-0.00196850394,0.00038503497,0.0105879422,0.012270742800000001
2020-06-19,0.01103303748,-0.00568913336,0.00080118329,-0.0030479302000000004
2020-06-22,0.00646223252,0.00641524106,0.00012316028999999999,-0.00657408333
2020-06-23,0.00841964989,0.004603695830000001,-0.00683455452,0.00750261485
2020-06-24,-0.00348390197,-0.02550873257,0.010725356479999998,-0.04085727405
2020-06-25,-0.0006027727499999999,0.01072051038,0.00288290499,0.026153926209999998
2020-06-26,0.0044632086900000005,-0.02375142346,0.010703363910000001,-0.026613115879999996
2020-06-29,0.00054041071,0.01469755041,-0.00314674735,0.051691083000000006
2020-06-30,0.00444097701,0.012809564470000001,-0.00485643174,0.06980730173000001
2020-07-01,-0.0044810898,0.007004799579999999,-0.00194195083,0.036876857969999996
2020-07-02,0.00216060497,0.005506891670000001,0.00104026435,0.07951734055
2020-07-06,0.005988741170000001,0.01543733786,-0.00409560487,0.13479390399
2020-07-07,0.00631027503,-0.01031383063,0.01405597839,0.013327695070000001
2020-07-08,0.00621154756,0.00764867104,-0.00399491556,-0.01725353633
2020-07-09,-0.00270445058,-0.00569295971,0.015922212090000002,0.02079245615
2020-07-10,-0.0025938808,0.01021057319,-0.00502482503,0.10784777806
2020-07-13,0.00124120811,-0.00865896281,0.00330667949,-0.03080956851
2020-07-14,0.0046635183,0.01295896328,0.0014381591599999998,0.01318584425
2020-07-15,0.0008813678799999999,0.00918725699,-0.00466730493,0.01925764768
2020-07-16,-0.00945168487,-0.00329345969,0.00474930864,-0.029346511340000003
2020-07-17,0.00823801339,0.00289909286,-0.00209417818,0.00013327647
2020-07-20,0.00482012697,0.00808156161,0.00245832834,0.09472028997000001
2020-07-21,0.01205101205,0.00212752837,0.0005981219,-0.04542909312
2020-07-22,0.01520231214,0.0056921325499999995,0.0029888218100000002,0.01528348083
2020-07-23,0.00882537152,-0.011931713880000002,0.011681268250000001,-0.04977611425
2020-07-24,0.008578846369999999,-0.00644042606,-5.891016e-05,-0.06349342727
2020-07-27,0.01975377728,0.00729244577,-0.0037115588500000003,0.08652081863
2020-07-28,0.00834110739,-0.00634242931,0.00691857371,-0.040991166540000006
2020-07-29,0.00751020408,0.01229878258,-0.0017030772799999999,0.01532011731
2020-07-30,-0.00740020526,-0.00356791339,0.00658862286,-0.007751265750000001
2020-07-31,0.00908794079,0.00790221015,-0.0006428613199999999,-0.03813807152
2020-08-03,0.00113250283,0.00695210094,-0.005028421050000001,0.037909922
2020-08-04,0.02127774187,0.0038626478899999998,0.00953221536,0.00134680135
2020-08-05,0.00928319004,0.0062109919400000005,-0.0087427872,-0.00133154001
2020-08-06,0.01327410504,0.00668453223,0.005585935199999999,0.00307066571
2020-08-07,-0.01588529579,0.0007178536200000001,-0.0066658870299999996,-0.0247519435
2020-08-10,-0.00345893821,0.0029889111400000002,-0.00447374617,-0.0235009052
2020-08-11,-0.053694451750000004,-0.00825461156,-0.011914616840000001,-0.031144039420000002
2020-08-12,-0.00466822274,0.013942307689999999,-0.00906615601,0.13123640306
2020-08-13,0.023618090450000004,-0.00180772878,-0.010689051270000001,0.04260464638
2020-08-14,-0.00430916926,2.968857e-05,-0.0039067269,0.01832819247
2020-08-17,0.02169387531,0.00317658235,0.00251256281,0.11203058078
2020-08-18,0.009008042899999999,0.00216033855,0.00715202641,0.02802837158
2020-08-19,-0.03156552237,-0.00416371368,-0.006251517359999999,-0.00453608466
2020-08-20,0.00691395961,0.00311360199,0.00903927197,0.06563642848
2020-08-21,-0.00801089918,0.0035473572199999997,0.00599237334,0.02405299151
2020-08-24,-0.0056584079499999995,0.010133144810000001,-0.00162454874,-0.01745382882
2020-08-25,0.00121546961,0.00349935845,-0.00765382993,0.00453778175
2020-08-26,0.011808851119999998,0.010025572469999999,-0.00382606583,0.06416618067
2020-08-27,-0.011561954619999999,0.00218660989,-0.0170090837,0.03974604885
2020-08-28,0.01738026926,0.006459391960000001,-0.0007442322,-0.01132328308
2020-08-31,0.00238624654,-0.0036225683199999996,0.006641012910000001,0.12568898527
2020-09-01,0.00119028296,0.00941856803,0.01142437881,-0.04669690159
2020-09-02,-0.01313158606,0.01446398185,0.00952032223,-0.058267550779999996
2020-09-03,-0.00810426021,-0.03441431367,0.00284125257,-0.09023850504
2020-09-04,0.0027602958999999997,-0.0081646834,-0.01898848635,0.02781326781
2020-09-08,-0.00192688835,-0.027322882910000002,0.0061447708,-0.21062822719
2020-09-09,0.00970820233,0.0197473065,-0.0026871869999999997,0.10923351805999999
2020-09-10,-0.0032231630700000004,-0.01736366579,0.00508266993,0.01381456809
2020-09-11,-5.480653e-05,0.00050914972,0.00213245598,0.0037162708
2020-09-14,0.00789257331,0.0131712866,-6.079767e-05,0.12583172355
2020-09-15,-0.00239273479,0.005052295690000001,-0.0024320544799999997,0.071826891
2020-09-16,0.00283455983,-0.00396860393,-0.00298653014,-0.01778726432
2020-09-17,-0.0054900255499999995,-0.00879523051,0.0030566083900000003,-0.04149311844
2020-09-18,0.00131176213,-0.01146610291,-0.00310823988,0.04421037716
2020-09-21,-0.02008733624,-0.011129593229999998,0.00507428012,0.01637453353
2020-09-22,-0.00484625668,0.01018442059,-0.00079075426,-0.05598700461
2020-09-23,-0.021606493140000002,-0.02319103845,0.00133925854,-0.10341088559999999
2020-09-24,0.00371874821,0.00266550955,0.00383002006,0.01953412557
2020-09-25,-0.0028499772,0.01616692427,0.0,0.050413883799999996
2020-09-28,0.010060592200000001,0.01660937548,-0.00284641473,0.0340256297
2020-09-29,0.008432371250000001,-0.00544600377,0.00115396295,-0.005056980060000001
2020-09-30,-0.00600482631,0.00758191172,-0.00958505217,0.02371918773
2020-10-01,0.00892050587,0.006420018509999999,0.00164804606,0.04463765413
2020-10-02,-0.00089535534,-0.00949442203,-0.00373408423,-0.07379061049999999
2020-10-05,0.0048728576200000005,0.01773304577,-0.01953917051,0.02551253945
2020-10-06,-0.01176077142,-0.01421591712,0.00538948424,-0.027485435069999998
2020-10-07,-0.00045121263,0.01740662228,-0.007292900329999999,0.027344316150000002
2020-10-08,0.00355490351,0.00886254255,0.00539997488,0.0014577945
2020-10-09,0.01816137194,0.00893012973,-0.00018735947999999999,0.01897069872
2020-10-12,-0.0028716589399999997,0.01608764596,0.00318570804,0.01912442396
2020-10-13,-0.0157288436,-0.00652611866,0.00716064757,0.00983495365
2020-10-14,0.0030947557999999997,-0.00628338046,0.00228748068,0.03279973133
2020-10-15,0.00364615471,-0.00123588078,-0.0017271157200000001,-0.02692391069
2020-10-16,-0.00346523586,-0.00060431655,-0.00278052397,-0.020517733019999998
2020-10-19,0.00050476725,-0.01520343229,-0.00377966417,-0.020105988579999998
2020-10-20,0.0048208980299999996,0.00400573083,-0.00951610897,-0.02063458905
2020-10-21,0.0075313807499999995,-0.00189294659,-0.00345368917,0.00165900365
2020-10-22,-0.00980066445,0.00548536749,-0.01039697543,0.00745315162
2020-10-23,-0.00106246156,0.00339514233,0.006112702960000001,-0.012118650040000001
2020-10-26,-0.00050380654,-0.01847995836,0.00930320866,-0.0008320852099999999
2020-10-27,0.00263231588,-0.0034473614400000003,0.0067093052399999995,0.010469211
2020-10-28,-0.01614344766,-0.03417893679,0.00093428838,-0.04393896581
2020-10-29,-0.00414466587,0.01016347272,-0.00970752956,0.01184670706
2020-10-30,0.00456100342,-0.01042487423,-0.00986552721,-0.055473066720000005
2020-11-02,0.009704880820000001,0.011208427759999999,0.007485251000000001,0.032135862280000003
2020-11-03,0.00567702771,0.017655966080000002,-0.00580148821,0.05840053931
2020-11-04,-0.00055890901,0.02234919501,0.021692249139999998,-0.00688841708
2020-11-05,0.02298400626,0.019502823540000002,0.0017382666999999998,0.040643260960000004
2020-11-06,0.0014213086999999998,-0.0002284148,-0.012084779379999999,-0.01858065694
2020-11-09,-0.04427097549,0.012565684260000001,-0.02101499279,-0.020211652519999998
2020-11-10,0.0033127712999999996,-0.0014666065,-0.00576701269,-0.025874756680000003
2020-11-11,-0.00432653991,0.00742853915,0.0036091776199999996,0.016497709330000002
2020-11-12,0.00606060606,-0.00970084392,0.01701772412,-0.012873684460000001
2020-11-13,0.0068197317599999994,0.01384445514,-0.00132600871,-0.00791723334
2020-11-16,-5.6446150000000005e-05,0.01248254677,-0.00240263025,-0.00100367197
2020-11-17,-0.0036692068900000003,-0.00537827178,0.00652807707,0.0821387439
2020-11-18,-0.005722379600000001,-0.01203482891,0.0028965430399999995,0.10196779964
2020-11-19,-0.00188044903,0.00421017178,0.00514848999,0.0259534769
2020-11-20,0.0030258049799999995,-0.006847783549999999,0.00887001062,-0.01934824844
2020-11-23,-0.01969377881,0.00599442772,-0.0045817596399999995,0.06584832826
2020-11-24,-0.015328340009999998,0.01611369104,-0.00995210549,0.06425217975
2020-11-25,-0.00047172593,-0.00154176532,-0.00307846956,0.0335265944
2020-11-27,-0.010146893990000001,0.00278497767,0.0097050668,0.02048780488
2020-11-30,-0.00667501043,-0.0044270904900000005,-0.00124828361,-0.031002458339999997
2020-12-01,0.02105957881,0.01093741369,-0.01472939008,0.03023255814
2020-12-02,0.00752144788,0.00210371018,-0.00793650794,-0.02725904645
2020-12-03,0.007873556510000001,-0.00027263557,0.008064,0.043177103480000006
2020-12-04,-0.00283548406,0.00861763342,-0.01466573551,0.00953857562
2020-12-07,0.01491411328,-0.00205488712,0.00902061856,0.07131410256
2020-12-08,0.00348790668,0.00292611558,0.00472541507,0.01265270506
2020-12-09,-0.01709401709,-0.00896885215,-0.00330494471,-0.0698590509
2020-12-10,-0.0019130434800000002,-0.00032710917,0.00886366535,0.03737096347
2020-12-11,0.0018586280999999998,-0.00117252475,0.0035395992700000003,-0.02723778844
2020-12-14,-0.00550756566,-0.00447720448,-0.0027713043999999997,0.04891883473
2020-12-15,0.01399090591,0.01351944277,-0.0033474388900000002,-0.01028398168
2020-12-16,0.00551914453,0.00156930653,-0.00266159696,-0.01654954599
2020-12-17,0.01052029731,0.00559202529,-0.00264374126,0.05319780979
2020-12-18,-0.00169740862,-0.00397592951,-0.0029974489799999998,0.05961274585
2020-12-21,-0.00317388347,-0.00357549163,0.00396596942,-0.06494964029
2020-12-22,-0.007903115760000001,-0.0016854238,0.00516087926,-0.014649309079999999
2020-12-23,0.006647945440000001,0.00089859492,-0.006909229209999999,0.00880782085
2020-12-24,0.0039851978399999995,0.00389041543,0.00395736261,0.02444348122
2020-12-28,-0.00362914658,0.008590785909999999,0.00044503783,0.00290131012
2020-12-29,0.00364236526,-0.00190773034,-0.00127097102,0.0034654733399999997
2020-12-30,0.007655231070000001,0.00142680235,0.00216340036,0.04322887731
2020-12-31,0.0037141249300000003,0.00508078174,0.00146031746,0.01567402631
2021-01-04,0.022258353890000002,-0.01361399379,-0.0012045901200000001,0.03415194071
2021-01-05,0.00296166292,0.00688738849,-0.00742668529,0.00731737397
2021-01-06,-0.01624104555,0.005978509680000001,-0.020528234319999998,0.02839030893
2021-01-07,-0.00233463035,0.014857448799999999,-0.00881431183,0.0794465462
2021-01-08,-0.03420993983,0.0056977050900000005,-0.00322771886,0.07840301946
2021-01-11,-0.00196146302,-0.0067408068,-0.00165212794,-0.07821413149999999
2021-01-12,0.00647398844,0.00021125459,-0.00079433375,0.04715294814
2021-01-13,-0.00430737422,0.0026929271100000003,0.01126200729,0.00585091354
2021-01-14,-0.0005191209599999999,-0.0035019352799999996,-0.00936783492,-0.01101344788
2021-01-15,-0.012407663900000001,-0.007292712569999999,0.00396772914,-0.02229585799
2021-01-19,0.00847309063,0.00785200958,0.00322750626,0.02225961073
2021-01-20,0.01628230386,0.01383863726,0.00098483356,0.00698596886
2021-01-21,-0.0006271737300000001,0.0009117195,-0.0070182342900000005,-0.00642013052
2021-01-22,-0.0078731173,-0.00353945451,0.00323667349,0.00195268583
2021-01-25,0.00086256469,0.003943794400000001,0.01178562023,0.04034772749
2021-01-26,-0.00247055444,-0.0015609147,-0.0018871608,0.00259990917
2021-01-27,-0.00633567561,-0.024440449200000002,0.00254270439,-0.021436093719999997
2021-01-28,0.0009274287,0.00860019764,-0.00552773623,-0.03324615812
2021-01-29,-0.00040537410000000005,-0.0200195959,-0.00601621763,-0.05015381301
2021-02-01,0.00938531951,0.0166454995,0.0011564078899999998,0.05832167656
2021-02-02,-0.01216782414,0.014140286529999999,-0.00644736842,0.03927078744
2021-02-03,-0.00151066179,0.00078626654,-0.00887299695,-0.02073809278
2021-02-04,-0.02153040442,0.01136571952,-0.0026723677200000003,-0.005499069840000001
2021-02-05,0.00987213797,0.00393588648,-0.00837352626,0.00263532512
2021-02-08,0.01007007832,0.007221892650000001,0.0043910018200000005,0.013130258260000001
2021-02-09,0.0032649253700000004,-0.00066579601,0.00073984396,-0.0161682611
2021-02-10,0.00366108787,-0.00043561819000000003,0.00665367296,-0.05255103242
2021-02-11,-0.00868507903,0.00161505332,-0.00547469622,0.008498794760000001
2021-02-12,-0.00303720577,0.004939725119999999,-0.01241944146,0.005494911660000001
2021-02-16,-0.014353506359999999,-0.00086593317,-0.015226701110000001,-0.02438366907
2021-02-17,-0.01135282929,0.00022941626,0.00635052116,0.00242395318
2021-02-18,-6.012145e-05,-0.00425596983,-0.0040469168,-0.01349370419
2021-02-19,0.00414862915,-0.00176597052,-0.013292011020000001,-0.00772181158
2021-02-22,0.01496916352,-0.00769171602,-0.00760801284,-0.08549852809000001
2021-02-23,-0.00230074922,0.00121437615,-0.0028836685899999996,-0.02191742477
2021-02-24,-0.00070955535,0.01101935484,-0.006559921,0.061788106
2021-02-25,-0.01881656805,-0.02409577048,-0.0163305879,-0.08059081965
2021-02-26,-0.02418284887,-0.0051526168500000006,0.03305904432,-0.00985019495
2021-03-01,-0.00173042457,0.0242401935,-0.013193641700000001,0.06355292376
2021-03-02,0.005447904409999999,-0.007803275320000001,7.089182e-05,-0.044527650569999994
2021-03-03,-0.011021488820000001,-0.01324571843,-0.010845679450000001,-0.048423751529999996
2021-03-04,-0.00983688208,-0.01237480992,-0.0064497635099999995,-0.04862216779
2021-03-05,0.00062877264,0.01839660207,0.0019474899,-0.03779930484
2021-03-08,-0.01036822923,-0.00497875557,-0.00777481823,-0.058449703150000004
2021-03-09,0.02127119182,0.01427748088,0.013857650729999999,0.19641207815
2021-03-10,0.005098234270000001,0.006224655839999999,0.0020037212,-0.00819501767
2021-03-11,-0.0008660150899999999,0.01013912419,-0.00721325525,0.04721132832
2021-03-12,-0.00018573551000000002,0.0013467842399999999,-0.021221494860000002,-0.00839050886
2021-03-15,0.0043965570599999995,0.00596355885,0.0058797589299999994,0.020483473399999997
2021-03-16,0.0009247842200000001,-0.0012613203500000001,-0.00401870525,-0.04387377461
2021-03-17,0.00714505698,0.0034098658799999997,-0.00748294329,0.03683075287
2021-03-18,-0.0058100422,-0.01454966521,-0.01012639515,-0.06932075633
2021-03-19,0.0041830708700000005,-0.00184482477,0.00619772999,0.0026180415200000003
2021-03-22,-0.0014702278899999999,0.00798500565,0.01120593692,0.02310382213
2021-03-23,-0.007300613500000001,-0.00787080669,0.00902686041,-0.01170149254
2021-03-24,0.00346084914,-0.00508344031,0.00538220962,-0.04816056542
2021-03-25,-0.00363367617,0.0056255161,-0.00788540838,0.016056610659999998
2021-03-26,0.0028433675400000003,0.01611496023,-0.00350007292,-0.03385436999
2021-03-29,-0.011895956610000001,-0.00050507601,-0.00848821894,-0.01199269448
2021-03-30,-0.01709188447,-0.0026529890299999996,0.0052398524,0.03980107641
2021-03-31,0.0151678619,0.00405340359,-0.0055796197,0.05083225827
2021-04-01,0.01262815704,0.01079908157,0.01657485419,-0.00925246658
2021-04-05,-0.0003704161,0.0143531115,-0.00436331903,0.044276539479999995
2021-04-06,0.00802865613,-0.0005906093099999999,0.0067927835800000004,0.0008248317800000001
2021-04-07,-0.00281828207,0.00115729341,-0.006964596629999999,-0.02985743616
2021-04-08,0.01075202753,0.00474679653,0.008255406199999999,0.01912157026
2021-04-09,-0.0075375357099999995,0.00727014589,-0.00362292587,-0.00991517988
2021-04-12,-0.00606357567,0.00036452891,-0.0004363319,0.03686744852
2021-04-13,0.00708651713,0.0029637547400000004,0.00749363405,0.08595686487
2021-04-14,-0.00434436762,-0.00341520128,-0.00317735413,-0.03947161297
2021-04-15,0.01616273353,0.010742496050000001,0.016734279919999998,0.00904087513
2021-04-16,0.00604777744,0.00334239065,-0.007766298539999999,0.00125871286
2021-04-19,-0.0027652539799999996,-0.00491300388,-0.00287232515,-0.03399659358
2021-04-20,0.00355657363,-0.007321596299999999,0.00460895866,0.00610105929
2021-04-21,0.00991110043,0.00946211515,0.00200716846,0.0349518074
2021-04-22,-0.00648307857,-0.00913307857,0.00436400057,-0.032830726229999996
2021-04-23,-0.00383141762,0.010842409099999999,-0.00235059477,0.01349192013
2021-04-26,0.00264423077,0.00208763258,-0.00142795945,0.01206471072
2021-04-27,-0.00251738192,-0.00021551207999999998,-0.00872300872,-0.04532646979
2021-04-28,0.0029443576500000003,-0.00028741138,0.0006491632999999999,-0.014672077649999999
2021-04-29,-0.00413396441,0.0063727839,-0.0029553809599999997,-0.02505760369
2021-04-30,-0.003369029,-0.006570489929999999,0.002313476,0.047917282129999995
2021-05-03,0.01297838947,0.00215672178,0.00059918494,-0.03459066306
2021-05-04,-0.00732971813,-0.006169296990000001,0.006786023679999999,-0.01649875894
2021-05-05,0.00414215392,0.00031278572,0.0016492184100000001,-0.00394893112
2021-05-06,0.01667961978,0.00798556825,0.00164650297,-0.01102930217
2021-05-07,0.00899682465,0.00727802038,-0.00493138937,0.01330741176
2021-05-10,0.0030304796299999996,-0.00990239742,-0.01012712777,-0.06444368428
2021-05-11,0.00017430713,-0.008924726039999999,-0.00565955594,-0.01882233244
2021-05-12,-0.009933774829999999,-0.021245262070000003,-0.01050788091,-0.04424821776
2021-05-13,0.00410725811,0.01201253052,0.0015486725700000002,-0.030853209920000003
2021-05-14,0.00911587682,0.015355367069999999,0.00935129961,0.03157305533
2021-05-17,0.01163935376,-0.00254452926,-0.00211555296,-0.02189100281
2021-05-18,0.00194619347,-0.00861571044,-0.00255866657,0.00180295754
2021-05-19,0.00068555759,-0.00262174103,-0.00241864556,-0.02493640438
2021-05-20,0.0045672528,0.01075792241,0.0082286386,0.04138714372
2021-05-21,0.00045464878,-0.00081872472,0.003206296,-0.01005487576
2021-05-24,0.00176096342,0.01019424495,0.00370451079,0.04400220355
2021-05-25,0.00907286646,-0.00221867023,0.00926327978,-0.00288569356
2021-05-26,-0.0017420623800000002,0.0019845065,-0.00172092356,0.02388000463
2021-05-27,0.00039405539000000005,0.00052497196,-0.00405832495,0.018929788569999998
2021-05-28,0.00377018738,0.0017887381,-0.0015506112299999999,-0.00892446699
2021-06-01,-0.00269088463,-0.0008808684899999999,-0.00022195897,-0.0021112568400000003
2021-06-02,0.00489038786,0.0015726642399999998,0.00231531727,-0.030100977719999998
2021-06-03,-0.01957822901,-0.00371136964,-0.00375369956,-0.053344791120000006
2021-06-04,0.010783362809999999,0.00914583184,0.01369465981,0.04575448642
2021-06-07,0.00400767668,-0.00097018457,-0.00307362402,0.010149403219999999
2021-06-08,-0.00309214595,0.00021317416,0.0070266007,-0.00254490771
2021-06-09,-0.0019174374,-0.00149190111,0.00882876468,-0.00796898557
2021-06-10,0.00429427054,0.00464840508,0.00599901193,0.0189385083
2021-06-11,-0.011252391129999999,0.00165246335,-0.00161358215,-0.00037697502
2021-06-14,-0.00586093092,0.00223892908,-0.00765933525,0.01278919149
2021-06-15,-0.0037776887399999996,-0.00183417204,-0.0012037955,-0.02967507973
2021-06-16,-0.01689169779,-0.00558330192,-0.00085076214,0.00919313935
2021-06-17,-0.03074045935,-0.00033166710000000004,0.0149719719,0.019392596760000002
2021-06-18,-0.00554718119,-0.013446749769999999,0.01880592841,0.01088225754
2021-06-21,0.0122476202,0.014316012730000001,-0.01674329239,-0.00397875856
2021-06-22,-0.00419287212,0.00534619588,0.00244259893,0.00463895108
2021-06-23,-0.0006616541400000001,-0.00120536031,-0.0025758841500000003,0.05268474131
2021-06-24,-0.00060190201,0.00591575958,0.00160536051,0.0354113042
2021-06-25,0.00331245483,0.00355210539,-0.01038327526,-0.01169427201
2021-06-28,-6.0027609999999995e-05,0.00201589274,0.01028096613,0.0250792564
2021-06-29,-0.01050546284,0.00053804945,0.00167282359,-0.0115576722
2021-06-30,0.00485348541,0.00084171148,0.00445341312,-0.0015570832600000002
2021-07-01,0.00344140554,0.00553660702,5.1970899999999994e-05,-0.00261880241
2021-07-02,0.006558363419999999,0.0076435192699999994,0.006034542550000001,0.0014455983
2021-07-06,0.0049614442,-0.00182145163,0.01172090458,-0.028457799380000003
2021-07-07,0.00380680466,0.00353405862,0.00885920676,-0.022635616600000002
2021-07-08,-0.00065181323,-0.00814804585,0.00391786004,0.012658031489999999
2021-07-09,0.0033204862099999997,0.01067483524,-0.01406271027,0.00634181462
2021-07-12,-0.0012410614,0.0035819250600000003,-0.0012966628,0.043762843440000004
2021-07-13,0.0013017751499999999,-0.00340898691,-0.00765340987,-0.025025521369999998
2021-07-14,0.01075522988,0.00149222893,0.01136207134,-0.02267627965
2021-07-15,0.00017539757,-0.0034155510700000003,0.01103016273,-0.00425479813
2021-07-16,-0.00970363009,-0.00784358827,-0.00188564887,-0.00980633262
2021-07-19,0.00118056785,-0.01476793249,0.02192834492,0.0031045295099999997
2021-07-20,-0.00129709333,0.01433042332,-0.00963950878,0.02209773761
2021-07-21,-0.00371922782,0.0080963207,-0.01266666667,-0.00788796366
2021-07-22,0.00195543968,0.00209412035,0.00945307225,-0.00920203269
2021-07-23,-0.00313442545,0.01028797134,-0.006688963209999999,-0.009056464279999999
2021-07-26,-0.00237304224,0.00245488021,-0.00296296296,0.02213310952
2021-07-27,0.00166508088,-0.00455761643,0.010671349450000001,-0.01952495362
2021-07-28,0.00504630729,-0.00041001344,6.682704999999999e-05,0.0034120165
2021-07-29,0.011105204090000001,0.00414739193,-0.0055462746399999995,0.046941172829999996
2021-07-30,-0.00788689607,-0.0048564620400000005,0.004703668859999999,0.01454196501
2021-08-02,-0.00123660346,-0.0020980137300000003,0.00890665463,0.032697904539999996
2021-08-03,-0.00070750545,0.008135469269999999,0.0005309617,9.863739e-05
2021-08-04,0.00023600211999999998,-0.0049189618,0.0020563847399999997,0.00166258066
2021-08-05,-0.00395210287,0.00633286254,-0.00509731233,0.0052185899999999995
2021-08-06,-0.0249911169,0.0016524809900000002,-0.01670104465,-0.021731525399999996
2021-08-09,-0.01773566569,-0.00081357771,-0.00358641223,0.02096981834
2021-08-10,0.00030917635,0.00124397802,-0.0046179966,-0.00528188747
2021-08-11,0.0137850034,0.00248486491,-0.00061404107,-0.00305638108
2021-08-12,0.00024390243999999997,0.0029969804900000004,-0.00163844894,0.020386538949999998
2021-08-13,0.0143257742,0.0018197748899999998,0.01579595186,-0.0070335756299999995
2021-08-16,0.00498828055,0.00235468245,0.00242342646,-0.04322545561
2021-08-17,-0.00149503648,-0.006555249789999999,-0.00040292794,-0.029817683659999997
2021-08-18,0.0007785829800000001,-0.010944959910000001,0.0033590863300000003,0.03497018221
2021-08-19,-0.00293237582,0.00154834009,0.00736524941,-0.02252572606
2021-08-20,0.00054018366,0.00795707725,0.0006646726499999999,0.010082112050000001
2021-08-23,0.012177564489999999,0.00879646337,-0.0006642311500000001,0.03827948137
2021-08-24,-0.00047413027,0.00158744355,-0.00777666999,0.00310066544
2021-08-25,-0.00693744441,0.0020983548,-0.00830653805,0.00382503634
2021-08-26,0.00113446382,-0.0059031877200000004,0.00276952175,-0.01411698538
2021-08-27,0.01502952228,0.00894097611,0.00680363759,0.01534599806
2021-08-30,-0.00493566014,0.00439755691,0.00260939382,0.026674345430000003
2021-08-31,0.00200767641,-0.001481547,-0.00680680681,0.00658083759
2021-09-01,5.8930989999999995e-05,0.00053149083,0.0016753880299999998,-0.0022155167700000002
2021-09-02,-0.00265173836,0.0030765825600000004,0.00436563906,-0.00231579234
2021-09-03,0.010694239290000001,-0.0002427238,-0.00909455664,0.00161116345
2021-09-07,-0.019583771780000002,-0.0035755275,-0.008435686329999999,0.02637785078
2021-09-08,-0.00250432294,-0.00121826961,0.00680596202,0.00126175424
2021-09-09,0.00442345627,-0.00428023331,0.01210031772,0.0013132237699999998
2021-09-10,-0.0050586204800000005,-0.00788453829,-0.008816457389999999,-0.02462708317
2021-09-13,0.00334968298,0.00255926724,0.006064690029999999,0.009140668499999999
2021-09-14,0.00643853583,-0.005396569479999999,0.0121232418,0.00200538358
2021-09-15,-0.0058642341,0.00835265777,-0.00350737873,0.01523190372
2021-09-16,-0.02264195913,-0.00158524605,-0.00458228184,0.00153473665
2021-09-17,-0.0015850759000000001,-0.00970973008,-0.00480352258,0.00330255353
2021-09-20,0.007144165599999999,-0.0166742184,0.0124019575,-0.03860485326
2021-09-21,0.006669091790000001,-0.0009446134000000001,-0.0008608131400000001,0.01261350097
2021-09-22,-0.0037340399899999997,0.009754860130000001,0.00596460998,0.0169872055
2021-09-23,-0.01154636682,0.01215000228,-0.02259700903,0.00226081868
2021-09-24,-0.00128432512,0.00164718624,-0.00977352386,0.02753303965
2021-09-27,0.00208205756,-0.00286094028,-0.0036757198299999998,0.021914022649999997
2021-09-28,-0.00971645075,-0.02015181637,-0.015576962489999999,-0.01743833401
2021-09-29,-0.00450478247,0.00168311353,0.00173502672,0.00482277895
2021-09-30,0.01797669229,-0.0122223501,-0.00013856173,-0.007461826929999999
2021-10-01,0.0022530751399999997,0.01188423358,0.008405522450000001,-0.00033527622
2021-10-04,0.00467829151,-0.012896094330000002,-0.00254557964,0.00813962488
2021-10-05,-0.00465650701,0.01040500187,-0.009656504350000001,-0.0012027689299999999
2021-10-06,0.00267330944,0.00415608405,0.00564145424,0.00276713768
2021-10-07,-0.005271768770000001,0.00864566567,-0.010457787940000001,0.01387416161
2021-10-08,0.00042641326,-0.00182373592,-0.00699888018,-0.01023172591
2021-10-11,-0.00188759666,-0.007239757,-0.00253735551,0.0082114349
2021-10-12,0.0045143972700000005,-0.0024615243,0.01710005653,0.017400308099999998
2021-10-13,0.017794242680000003,0.0035976200400000004,0.00972627484,0.00665243509
2021-10-14,0.00244644669,0.01682062595,0.0037154259,0.00892636978
2021-10-15,-0.01589285714,0.00761581921,-0.00582670688,0.030196011340000002
2021-10-18,-0.00247988871,0.00296050418,0.0046886851,0.03212222578
2021-10-19,0.0032136793600000004,0.0077148415699999995,-0.01379452337,-0.00671179506
2021-10-20,0.00876397703,0.003927747200000001,-0.0067501739699999995,0.0017702801200000001
2021-10-21,-0.00089874176,0.00260825358,-0.00119106004,0.03257103257
2021-10-22,0.0061169415299999995,-0.00103617805,0.011012906849999999,0.01753914989
2021-10-25,0.00691422781,0.0053628178,-0.00152639978,0.12661595286000002
2021-10-26,-0.0073995145900000005,0.00090001098,0.00826905705,-0.00627402767
2021-10-27,0.0026240458,-0.00443021318,0.01819434873,0.019078385360000002
2021-10-28,-0.00023792529,0.009648852270000001,-0.00338432381,0.03775075636
2021-10-29,-0.0085078534,0.0020291499399999998,0.0030562347200000003,0.03431627423
2021-11-01,0.005220522050000001,0.00172019597,-0.007189281600000001,0.08491023338999999
2021-11-02,-0.00214899713,0.00404312668,0.00443867796,-0.03027494849
2021-11-03,-0.008315386460000001,0.00610521758,-0.01033380923,0.03571672355
2021-11-04,0.011341014659999999,0.00471251506,0.01051040736,0.013222282640000001
2021-11-05,0.01306292872,0.00346961941,0.014955812369999998,-0.006358188809999999
2021-11-08,0.00359161564,0.00085373402,-0.0018754186200000001,-0.048400690620000006
2021-11-09,0.00492813142,-0.00330539739,0.013018386790000001,-0.11990300445
2021-11-10,0.010858777509999999,-0.008044845739999999,-0.018282988870000003,0.04342940889
2021-11-11,0.00560207912,0.00032354082999999997,-0.00148448043,-0.00415749801
2021-11-12,0.00189524466,0.00754684434,-0.00439248547,-0.028293104910000002
2021-11-15,-0.00154772141,0.00034241445,-0.01255684518,-0.01938224536
2021-11-16,-0.00723389597,0.00395781186,-0.0025433049200000004,0.0407937714
2021-11-17,0.009137173259999999,-0.0024292533199999997,0.0079250224,0.032501208840000004
2021-11-18,-0.00320916905,0.00339641987,0.0037604266400000004,0.00676761462
2021-11-19,-0.00764631482,-0.00178826134,0.01055786391,0.03710392382
2021-11-22,-0.022420485490000003,-0.00281515921,-0.011728228629999999,0.017422123720000002
2021-11-23,-0.00865236458,0.00132600466,-0.01445914609,-0.041352961009999994
2021-11-24,-0.0009564801500000001,0.00266985625,0.016055363320000002,0.006284771380000001
2021-11-26,-0.00161560555,-0.02230316973,0.025269036919999998,-0.03053763441
2021-11-29,-0.00137848367,0.01226659695,-0.0080382648,0.0509002514
2021-11-30,-0.00672188213,-0.01945759793,0.0152022502,0.00683383319
2021-12-01,0.00398791541,-0.01110720871,0.00616240517,-0.043467626399999994
2021-12-02,-0.00553683197,0.01531631521,0.00124721019,-0.00949771689
2021-12-03,0.00841200678,-0.00870135549,0.01193207894,-0.06419878296
2021-12-06,-0.00246054132,0.011843324070000001,-0.013735017819999999,-0.00587209474
2021-12-07,0.00354951269,0.02068484492,-0.00807987913,0.042358351259999996
2021-12-08,0.000539536,0.0026479883799999998,-0.017284768210000002,0.01636320418
2021-12-09,-0.00611144398,-0.00675157608,0.00559336883,-0.06095644365
2021-12-10,0.00421991801,0.00941353061,-0.00241254524,0.01317991632
2021-12-13,0.0025213110799999997,-0.00885839317,0.014778986970000001,-0.049772376429999994
2021-12-14,-0.00934131737,-0.00687999657,-0.00238315901,-0.00817458429
2021-12-15,0.004291586070000001,0.015625,-0.0096217651,0.01823663812
2021-12-16,0.012097502259999999,-0.00881852954,0.00038596985,-0.05027715448
2021-12-17,-0.00214081827,-0.01059828277,0.01133163471,0.00609545592
2021-12-20,-0.00423122765,-0.01063343989,-0.007491878269999999,-0.03498933056
2021-12-21,-0.00041893590000000004,0.01775902237,-0.00380761523,0.04288063649
2021-12-22,0.00940007185,0.009998704269999999,0.00462683565,0.07494699157000001
2021-12-23,0.0022539889699999998,0.00622207017,-0.00867707916,0.057618920180000005
2021-12-27,0.00236728413,0.0141521462,0.00242391597,0.025248359890000002
2021-12-28,-0.0043100903299999995,-0.00081716465,-0.0039629231599999995,-0.00500027424
2021-12-29,-0.00029648956,0.00127917462,-0.01092453975,-0.0020946833600000003
2021-12-30,0.0071771754,-0.0027645137,0.00838617304,-0.01459229048
2021-12-31,0.00683156655,-0.0025201612899999996,0.0019607843099999998,-0.01266887157
2022-01-03,-0.01538371549,0.00578996126,-0.026250084349999998,0.13531671682000002
2022-01-04,0.0073664825,-0.00033493123,-0.00415800416,-0.04183266932
2022-01-05,-0.00300760748,-0.01920217778,-0.00542797495,-0.05347123757
2022-01-06,-0.01224417367,-0.00093940817,0.0025888609,-0.02152336139
2022-01-07,0.00455117073,-0.00395349831,-0.00718821969,-0.03544660468
2022-01-10,0.00304023845,-0.00124439486,0.00246028399,0.030341980209999998
2022-01-11,0.01206466183,0.00910828983,0.006661524439999999,0.00593505463
2022-01-12,0.00264255094,0.00270356573,-0.00383115074,0.0392897407
2022-01-13,-0.00339697786,-0.013778608130000002,0.00888049787,-0.0674910958
2022-01-14,-0.00287964269,0.00040901555999999997,-0.01510950929,0.017497770370000002
2022-01-18,-0.00165026227,-0.01770958857,-0.014074595359999999,-0.018197235160000002
2022-01-19,0.01588051243,-0.010383579050000001,0.00692362598,-0.03382791045
2022-01-20,-0.00249883775,-0.01106806862,0.00616715106,0.0006227087800000001
2022-01-21,-0.0032624526700000002,-0.019630665920000002,0.011906439339999998,-0.05256607145
2022-01-24,0.0054941843499999995,0.00424676926,-0.00821555385,-0.01472613624
2022-01-25,0.00319711678,-0.012208985089999999,-0.00161460161,-0.012473118279999999
2022-01-26,-0.01616641558,-0.0025088038299999997,-0.01209393897,0.02069904181
2022-01-27,-0.01289828612,-0.00493792976,0.018362989320000002,-0.11554175868
2022-01-28,-0.00298329356,0.0248353585,0.00034945485,0.020805692919999997
2022-01-31,0.00592459605,0.01801108723,-0.00517012506,0.10677615643999999
2022-02-01,0.00083288714,0.006756906940000001,-0.00331389845,-0.00583952515
2022-02-02,0.00362598823,0.00971409648,0.0033869601999999997,-0.027479194630000002
2022-02-03,-0.00142146411,-0.02350497431,-0.00780590717,-0.01603250668
2022-02-04,0.00154211151,0.00470219436,-0.01474236303,0.03611104877
2022-02-07,0.00740258202,-0.0032092712299999996,0.00064743544,-0.01730710913
2022-02-08,0.00305684557,0.0082278764,-0.00668583753,0.01615711861
2022-02-09,0.00339916779,0.01463609349,0.0018817398900000002,0.01084598698
2022-02-10,-0.00379650721,-0.017965642349999998,-0.01589250885,-0.0294527897
2022-02-11,0.019054878049999998,-0.01971868601,0.014827864639999999,-0.04925100879
2022-02-14,0.00535067027,-0.00326930936,-0.012441229659999999,0.0183255814
2022-02-15,-0.00949982832,0.01612682793,-0.01135281623,0.053290855940000006
2022-02-16,0.010284261610000001,0.00112082493,0.00592680397,0.00104072938
2022-02-17,0.013668077320000001,-0.021361397219999998,0.00743850346,-0.050942721930000004
2022-02-18,-0.00073342736,-0.00647508351,0.01052708531,-0.02210304102
2022-02-22,0.0020889792200000003,-0.01073163991,0.00260435506,-0.041366192909999995
2022-02-23,0.00450729619,-0.0177386689,-0.01378165813,-0.06997918518
2022-02-24,-0.006450165460000001,0.015049176440000001,0.0006584723400000001,0.04807339930000001
2022-02-25,-0.00333069888,0.022063973849999998,0.00073115449,0.01136406209
2022-02-28,0.010365335600000001,-0.00255853798,0.0219186089,0.07477743342
2022-03-01,0.01816347124,-0.01523028651,0.01154445557,-0.006962076219999999
2022-03-02,-0.01040634291,0.01839620447,-0.034182590230000004,0.01795527378
2022-03-03,0.0059533745100000006,-0.00497841924,0.01018538873,-0.0461421314
2022-03-04,0.015929203540000002,-0.00812467008,0.017263890900000002,-0.0011914832799999999
2022-03-07,0.01486280488,-0.02947914015,-0.00762977752,-0.04021281418
2022-03-08,0.027359047259999998,-0.00758171805,-0.01005963929,0.02463397052
2022-03-09,-0.02971124223,0.02681081081,-0.00979894026,0.04193352741
2022-03-10,0.00312130018,-0.00451557053,-0.01436739481,-0.0240637042
2022-03-11,-0.007027897,-0.012715051239999999,0.0033467202099999997,-0.051234641539999994
2022-03-14,-0.01507374791,-0.00730830576,-0.023348899269999997,-0.03643678884
2022-03-15,-0.01870543061,0.02199040767,-0.00174559806,0.04634836959
2022-03-16,0.00626083068,0.022174249709999996,0.009807648450000001,0.04781204405
2022-03-17,0.0048886173,0.012510904,-0.00745369673,0.03733501541
2022-03-18,-0.0087898723,0.010918922170000001,0.012212698170000001,0.03876778339
2022-03-21,0.00764082543,-0.00029245028,-0.023156474820000002,0.0174179083
2022-03-22,-0.00725078873,0.011701433429999998,-0.01281166091,0.07905249902
2022-03-23,0.01365967886,-0.01287840032,0.02191482748,0.00516106964
2022-03-24,0.00726032671,0.01507435782,-0.00783269962,0.01482319264
2022-03-25,-0.0040954513199999995,0.00488357122,-0.013872920980000002,-0.00323496923
2022-03-28,-0.01820375041,0.00711303541,0.00854966579,0.08034512784
2022-03-29,0.00044677762000000005,0.01237086267,0.00755240444,0.007079791909999999
2022-03-30,0.00803840572,-0.00617484563,0.0078017439200000005,-0.00507471102
2022-03-31,0.00038763983,-0.015391323299999999,0.00242865817,-0.01498185541
2022-04-01,-0.00636590091,0.00283411567,0.0037986598999999997,0.00648663697
2022-04-04,0.00484679666,0.008566634279999999,-0.00694969029,0.05611337003
2022-04-05,-0.00626489993,-0.01263134851,-0.02259242355,-0.04730891789
2022-04-06,0.00234322696,-0.00999933486,-0.008094015100000001,-0.04169492147
2022-04-07,0.00378492708,0.0050389680199999995,-0.007532365629999999,0.01099678703
2022-04-08,0.0062659421100000005,-0.00267397553,-0.01083089572,-0.03004937291
2022-04-11,0.00495949744,-0.017092298409999998,-0.01582480818,-0.04832811632
2022-04-12,0.00767670121,-0.00370521913,-0.0013805424699999999,0.01129179347
2022-04-13,0.00478859444,0.011453603779999998,0.00203301618,0.03588834287
2022-04-14,-0.0033035472500000003,-0.01245178318,-0.020045447169999998,-0.036552324500000004
2022-04-18,0.00309715279,0.00041115603,-0.0049689441,0.01958375635
2022-04-19,-0.01511294079,0.01614265817,-0.0074906367,0.02375807785
2022-04-20,0.00489495105,-0.0007415063800000001,0.02012578616,-0.049555026020000004
2022-04-21,-0.0035575502199999996,-0.01495356524,-0.00739827374,0.03231682358
2022-04-22,-0.00972206965,-0.02743916358,-0.00629399586,-0.0036975356399999997
2022-04-25,-0.01797104665,0.00579757769,0.010000833399999999,-0.00699467688
2022-04-26,0.0015249929400000001,-0.02896081772,0.010066837200000001,-0.12184124567
2022-04-27,-0.00755695917,0.0028118240799999998,-0.01282574953,0.00580771776
2022-04-28,0.00539834072,0.02525942435,0.00148957299,-0.00453766832
2022-04-29,-0.00011303904999999999,-0.03695565789,-0.0129730623,-0.0076922200299999995
2022-05-02,-0.01854050082,0.00601941748,-0.017303223109999998,0.03695622215
2022-05-03,0.00264931175,0.00458405713,0.00674176481,0.00698828272
2022-05-04,0.0098225056,0.03045295163,0.005509875389999999,0.04769865274
2022-05-05,-0.00381114903,-0.03554281452,-0.027398415109999998,-0.08328609519
2022-05-06,0.00165591275,-0.0059689229399999995,-0.01473519979,-0.00873717479
2022-05-09,-0.01447953483,-0.032017309279999996,0.00879739597,-0.09072950962
2022-05-10,-0.00844516428,0.00231057086,0.009069503789999999,0.01642718299
2022-05-11,0.00816707502,-0.01588614097,0.01927231873,-0.08254587271
2022-05-12,-0.015333873389999999,-0.00104392107,-0.00186535527,-0.00817438692
2022-05-13,-0.00810953752,0.02390783504,-0.01478083588,0.05712912088
2022-05-16,0.00953847977,-0.00405755252,-0.00103466115,-0.05875855975
2022-05-17,-0.00627934272,0.020570371669999997,-0.012083549110000001,0.051410190919999994
2022-05-18,0.00053150653,-0.04031152038,0.021317490829999997,-0.06801381283999999
2022-05-19,0.01469720222,-0.0061246363500000005,0.00239520958,-0.0005494428099999999
2022-05-20,0.0006980396699999999,0.00043650182000000003,0.01135005974,-0.06416509261
2022-05-23,0.00465035168,0.01871005826,-0.01645430765,0.01656876036
2022-05-24,0.00752184227,-0.00763378011,0.0197323267,-0.06925470439999999
2022-05-25,-0.006029977600000001,0.008834953920000001,0.00395423187,0.048777381560000006
2022-05-26,-0.0018488560200000002,0.01998137756,-0.004525266070000001,0.07427140255
2022-05-27,0.00052095392,0.024549110559999997,0.00244128294,0.07333305074
2022-05-31,-0.00989297078,-0.00561094254,-0.02116224387,-0.0018035096
2022-06-01,0.00636905458,-0.00808853801,-0.00113728552,-0.023593490359999997
2022-06-02,0.012309121519999999,0.01904343368,0.00051626226,0.04677391034
2022-06-03,-0.010151993120000001,-0.01641150962,-0.0021499828,-0.09219354838999999
2022-06-06,-0.00440375478,0.0030447702999999997,-0.01844350599,0.01604718925
2022-06-07,0.0065184495399999995,0.0095922679,0.01079989464,0.00254602429
2022-06-08,-0.00092517636,-0.01087217973,-0.00886031967,0.01247453465
2022-06-09,-0.0031832388,-0.02378288994,0.00333041192,-0.00893054024
2022-06-10,0.013412297509999999,-0.02899561578,-0.00620195667,-0.03119089999
2022-06-13,-0.02641228372,-0.03796818881,-0.031379098179999995,-0.07102154473
2022-06-14,-0.00800329547,-0.00301333333,-0.01261343013,0.02388714637
2022-06-15,0.01305095806,0.014256292290000002,0.0186563735,0.054823667890000004
2022-06-16,0.0112431926,-0.03309599156,0.00793937207,-0.08540772532
2022-06-17,-0.00822282703,0.00214610937,0.0032223415700000004,0.01717503519
2022-06-21,-0.00373678986,0.02517356366,-0.01695217702,0.09354431936999999
2022-06-22,0.0039852312,-0.0018129949100000001,0.0275004538,-0.00400781876
2022-06-23,-0.00612923939,0.00980261225,0.008214822010000001,-0.00430632818
2022-06-24,-0.00099847292,0.03179389515,-0.01384264938,0.04524893294
2022-06-27,-0.0011170556800000001,-0.00381972929,-0.00852878465,-0.00320164966
2022-06-28,-0.0016480282499999998,-0.02043284696,0.00465949821,-0.050043551639999996
2022-06-29,-0.00076641905,-0.00081439643,0.01560827685,-0.01793721973
2022-06-30,-0.00607705469,-0.00812430983,0.00878194432,-0.01757917925
2022-07-01,-0.00083105782,0.01057654076,0.010245834419999999,0.01242909329
2022-07-05,-0.02120960076,0.00188857413,0.00785701951,0.025535722139999998
2022-07-06,-0.01584218513,0.0033773170000000003,-0.01679088495,-0.0057208238
2022-07-07,0.00055507586,0.01497716895,-0.00880020911,0.05527905639
2022-07-08,0.00043148616000000003,-0.00082264326,-0.01107594937,0.025435164870000002
2022-07-11,-0.0053604436200000005,-0.0114235727,0.01724444444,-0.06548006753
2022-07-12,-0.0037167812700000004,-0.00884886656,0.005941978329999999,-0.00543362303
2022-07-13,0.00478766399,-0.0052516871,0.011466296039999999,0.017033509250000002
2022-07-14,-0.0140470297,-0.0024285299499999997,-0.00815870835,0.00537180785
2022-07-15,-0.00200841022,0.019105077930000002,0.00562819292,0.00735726075
2022-07-18,0.0009433369,-0.008256952199999999,-0.01041846048,0.0019994445999999997
2022-07-19,0.00238753456,0.027019243359999997,-0.00539458801,0.020716700850000002
2022-07-20,-0.009402030839999999,0.00637316134,0.00262444231,0.00802345946
2022-07-21,0.01411035181,0.01018314462,0.01727597941,0.0978047138
2022-07-22,0.00249578836,-0.00927806615,0.01681104726,0.0019751693000000002
2022-07-25,-0.0027385324,0.00121491306,-0.00978490089,-0.013994833049999999
2022-07-26,-0.00118579542,-0.011831028640000001,0.0007666751900000001,-0.0356637278
2022-07-27,0.010184953759999999,0.0259663844,-0.00561797753,0.061654948620000004
2022-07-28,0.01218531577,0.012542389789999999,0.00796096559,0.02212357179
2022-07-29,0.00281104864,0.014578767210000001,-0.00271762208,0.057849768600000004
2022-08-01,0.0056672760499999995,-0.00296123692,0.02404021971,0.0004262718
2022-08-02,-0.00593831425,-0.00659736592,-0.02115961346,0.01113440902
2022-08-03,0.00243828101,0.01565946184,0.015744680849999998,0.022655695530000002
2022-08-04,0.01653998176,-0.00067559416,-0.00033514872,0.00402303213
2022-08-05,-0.01124603697,-0.00169012724,-0.023803537,-0.06630305649
2022-08-08,0.008469961889999999,-0.00116090647,0.01614149566,0.00781945842
2022-08-09,0.00305957166,-0.00397104046,-0.0038867765100000003,-0.02441263902
2022-08-10,-0.0025119617199999998,0.02100401118,-0.006531512430000001,0.038905882350000004
2022-08-11,-0.00263820602,0.0,-0.02330942623,-0.02624933471
2022-08-12,0.00919802814,0.0169289745,0.010140746570000001,0.04675016571999999
2022-08-15,-0.01286709954,0.0041208148,-0.00086542622,0.03096357031
2022-08-16,-0.00175004526,0.00195868115,0.004157643999999999,-0.00891202207
2022-08-17,-0.00646838351,-0.007097975330000001,-0.01043733287,-0.00837238635
2022-08-18,-0.00261636751,0.00290636353,0.0014818688999999998,-0.00370618099
2022-08-19,-0.00732064422,-0.013438033140000001,-0.01610235878,-0.020481834889999998
2022-08-22,-0.00663716814,-0.020822475960000003,-0.0033616418999999997,-0.02276404494
2022-08-23,0.00699084385,-0.00241925729,-0.00550328422,0.02255846575
2022-08-24,0.0029489463700000003,0.00320116406,-0.00731881471,0.00217009985
2022-08-25,0.0030627871400000003,0.0141175333,0.01393634238,-0.00345466884
2022-08-26,-0.01215267176,-0.03384901433,0.007537465639999999,-0.026953085419999998
2022-08-29,0.0006181998,-0.00661222274,-0.00827319134,-0.0113506196
2022-08-30,-0.00834054121,-0.01097782083,0.00248491303,-0.02499824451
2022-08-31,-0.007725375370000001,-0.0076090505,-0.00956090652,-0.007526107309999999
2022-09-01,-0.008790104850000001,0.00313781062,-0.018268367889999998,0.00562388883
2022-09-02,0.00880471274,-0.01054437213,0.00565693431,-0.02507576851
2022-09-06,-0.0058395077200000004,-0.0037732000799999997,-0.02476864453,0.01558047445
2022-09-07,0.010168635130000001,0.0179649913,0.01581542469,0.0338167772
2022-09-08,-0.00600225084,0.00653627633,-0.010257349570000001,0.01959816708
2022-09-09,0.00528368348,0.01553524152,0.00222078283,0.03602295513
2022-09-12,0.00506820173,0.01074766355,-0.00821715446,0.01581687133
2022-09-13,-0.01301126813,-0.043482492639999995,0.00232731335,-0.04037185467
2022-09-14,-0.00384760944,0.00381582295,0.00343642612,0.03587443946
2022-09-15,-0.01867916165,-0.011353269130000001,-0.00064790818,0.0037672251400000002
2022-09-16,0.00554910311,-0.0075966420599999996,-0.00833564879,-0.0013168724300000002
2022-09-19,0.00077002053,0.0077549538299999995,0.00233492108,0.01885610681
2022-09-20,-0.00570659143,-0.01147857419,-0.00997018263,-0.00110007442
2022-09-21,0.00464306442,-0.01744382827,0.01675294118,-0.02568587439
2022-09-22,-0.0005777007499999999,-0.00839979862,-0.02554845876,-0.040591755320000006
2022-09-23,-0.01727681439,-0.01675485009,0.00408473449,-0.04594753803
2022-09-26,-0.01163322659,-0.00989264846,-0.01911069063,0.00246976356
2022-09-27,0.00204985783,-0.00255277099,-0.02633101852,0.025107785950000003
2022-09-28,0.020786591,0.019676371839999998,0.03348192174,0.01721212978
2022-09-29,-0.00019393626,-0.020888996839999997,-0.00517588421,-0.06810048296
2022-09-30,6.465796e-05,-0.015463491279999998,-0.012910685040000001,-0.011036128409999998
2022-10-03,0.024309820910000002,0.02640125427,0.015852747679999998,-0.08614514609
2022-10-04,0.01432809443,0.03098660702,-0.00279302706,0.02904290429
2022-10-05,-0.00553827007,-0.00232822711,-0.00956152212,-0.0345974984
2022-10-06,-0.00112633753,-0.010315839719999999,-0.00555826426,-0.011129105930000001
2022-10-07,-0.01096285159,-0.027893890680000002,-0.00970778584,-0.06324276656
2022-10-10,-0.0152014188,-0.0076352710899999995,-0.01554609367,-0.00049311875
2022-10-11,-0.00205814253,-0.0063329815,0.00442566888,-0.02897380696
2022-10-12,0.005349316830000001,-0.00329848493,0.0049068696200000005,0.0034180138599999997
2022-10-13,-0.0069235207399999995,0.02639107023,-0.00956651719,0.020622353160000002
2022-10-14,-0.012458847070000001,-0.02278875318,-0.00825032699,-0.07545552950000001
2022-10-17,0.00287619297,0.02569694936,-0.00486963579,0.07005219767
2022-10-18,0.00215095815,0.01174963197,0.0023447854,0.00382949624
2022-10-19,-0.01339837398,-0.00708646566,-0.018205858420000002,0.00840183478
2022-10-20,-0.00158217417,-0.008385346,-0.017093131669999997,-0.0664745091
2022-10-21,0.0178276659,0.02430146958,-0.0180227656,0.03454264763
2022-10-24,-0.0032435939000000002,0.012236501109999999,-0.00826446281,-0.01487595598
2022-10-25,0.00227790433,0.01596853802,0.02911255411,0.05285207101
2022-10-26,0.00636363636,-0.00753403305,0.014407403510000001,0.01000382168
2022-10-27,-0.0015485869099999998,-0.00534003455,0.01047066141,0.00200320513
2022-10-28,-0.010210675970000001,0.02379072583,-0.00687390992,0.0152383491
2022-10-31,-0.00816139984,-0.00722327901,-0.00712809917,-0.0042884649
2022-11-01,0.01020340991,-0.00437585769,0.00931887421,0.00123055287
2022-11-02,-0.006972500980000001,-0.025096223860000003,-0.00434018807,-0.05636028444
2022-11-03,-0.0038060240200000002,-0.01029690293,-0.005396990139999999,0.0015350265099999998
2022-11-04,0.030696265070000003,0.01439314304,-0.01680058437,-0.03641261437
2022-11-07,-0.00396242091,0.00956556397,-0.009976650390000001,-0.050079529569999996
2022-11-08,0.02309913378,0.0053954467699999994,0.010934819899999998,-0.0293281916
2022-11-09,-0.00501724679,-0.02060209424,0.0032873807,-0.0716675379
2022-11-10,0.03044437441,0.054954160319999994,0.03847373428,0.07393434315
2022-11-11,0.0066063127,0.00967848185,-0.00366412214,0.0275272651
2022-11-14,0.00218765192,-0.00850668741,-0.00245173154,-0.02561616574
2022-11-15,0.00351685666,0.00852905446,0.01618023554,0.01817229641
2022-11-16,-0.0022960725100000003,-0.00762879872,0.02186838658,-0.03857627816
2022-11-17,-0.00726744186,-0.0030598052900000002,-0.01055226824,-0.02006205863
2022-11-18,-0.006893606639999999,0.00454038149,-0.00687730489,-0.01626903969
2022-11-21,-0.00559002396,-0.00363608818,0.00421517463,-0.06837227371
2022-11-22,0.00117370892,0.013457006010000001,0.014191485109999999,0.01215226068
2022-11-23,0.00623187512,0.00630157539,0.01744186047,0.07821788005000001
2022-11-25,0.00085847437,-0.00022364694000000002,-0.0033898305099999996,-0.0018558952
2022-11-28,-0.00790344321,-0.01595705018,0.00281827017,0.00032811987000000003
2022-11-29,0.00494040635,-0.0017175620699999999,-0.01172594244,-0.0114257599
2022-11-30,0.01278190868,0.031500645189999996,0.007354383209999999,0.07670187469
2022-12-01,0.01838480675,-0.00073587127,0.03187231578,0.0
2022-12-02,-0.00345567207,-0.00115371398,0.01257564297,0.0008217770900000001
2022-12-05,-0.017158914270000002,-0.01798923595,-0.014006910079999999,-0.06368674946
2022-12-06,0.00273739279,-0.01441477514,0.012880007579999998,-0.014414908189999999
2022-12-07,0.009039068190000001,-0.00170124165,0.02356241234,-0.03214325437
2022-12-08,0.00084170023,0.00783396073,-0.00274047684,-0.00344748334
2022-12-09,0.00354418213,-0.00747022007,-0.026014472839999997,0.0323454797
2022-12-12,-0.00826050521,0.01441720911,0.0031975924,-0.06271991064
2022-12-13,0.01708112023,0.007569870909999999,0.009655948250000001,-0.04093671791
2022-12-14,-0.00243309002,-0.006393511950000001,0.00427112349,-0.02578440509
2022-12-15,-0.01635930993,-0.02446169254,0.00389292714,0.0055484693900000005
2022-12-16,0.00870879952,-0.01175114853,-0.01117060561,-0.04718716306
2022-12-19,-0.00281791474,-0.00847966186,-0.01680515358,-0.00239632563
2022-12-20,0.01659451659,0.0013683490300000001,-0.01775709809,-0.08053646494000001
2022-12-21,-0.0016560208200000002,0.01495243601,0.0025135344199999996,-0.0016690856300000001
2022-12-22,-0.01208530806,-0.01426611087,-0.00019286403000000002,-0.088827506
2022-12-23,0.0029983209399999998,0.00575225888,-0.014660493830000001,-0.0175508576
2022-12-27,0.00842998924,-0.00394348541,-0.01977290525,-0.11408850995
2022-12-28,-0.00450583981,-0.01242789722,-0.005891751549999999,0.03308890926
2022-12-29,0.005598237150000001,0.018000318589999998,0.01135107986,0.0808269009
2022-12-30,0.00467870891,-0.0026340496600000003,-0.01112435439,0.01116401248
2023-01-03,0.0083706673,-0.00420992077,0.01908396947,-0.12242247117999999
2023-01-04,0.00941190226,0.0077201827599999995,0.01369998029,0.05124884366
2023-01-05,-0.01245149708,-0.01141338336,0.00418084589,-0.029039070749999996
2023-01-06,0.01870748299,0.02293215246,0.01839659179,0.02465107848
2023-01-09,0.0022451211800000002,-0.00056689342,0.00532420612,0.059349018219999994
2023-01-10,0.00367604825,0.007012839680000001,-0.01655002837,-0.00768138933
2023-01-11,-0.0006867345800000001,0.012647857030000001,0.01625156265,0.0367690366
2023-01-12,0.01156797618,0.0036407767000000003,0.01968205905,0.0027592923200000005
2023-01-13,0.01200181159,0.0038794840800000004,-0.00937268003,-0.00938815151
2023-01-17,-0.00654508839,-0.0018318695099999998,-0.00646370023,0.07426470588
2023-01-18,-0.0028717833199999997,-0.0157880182,0.024231567040000002,-0.02060993231
2023-01-19,0.015868534,-0.00727987943,-0.00625978091,-0.0125019413
2023-01-20,-0.00333537162,0.01862906546,-0.01621120889,0.04914681135000001
2023-01-23,0.00189636901,0.01199858543,-0.004708097929999999,0.07742467396000001
2023-01-24,0.0036185492400000003,-0.0010733095400000002,0.01438032167,0.00097391304
2023-01-25,0.00460394941,0.00037481259,0.00242492072,0.00375286677
2023-01-26,-0.00905527028,0.01099038341,-0.0046520282800000005,0.10967250570999999
2023-01-27,-0.00139299047,0.0022977146400000002,-0.00252383623,0.11000187184
2023-01-30,-0.00256667783,-0.01254683494,-0.00365476525,-0.06318156268
2023-01-31,0.0036361602100000003,0.014703312609999998,0.00799473288,0.03936157446
2023-02-01,0.01259684521,0.01062782917,0.01199492395,0.04728091444
2023-02-02,-0.02075191281,0.01455696203,0.0012941394,0.037814894439999996
2023-02-03,-0.02495784148,-0.01062910888,-0.01495568685,0.00908270038
2023-02-06,0.00207540643,-0.0061113132,-0.00740393627,0.02516054322
2023-02-07,0.00092049246,0.01307859356,-0.00802568218,0.01052577531
2023-02-08,0.00247154845,-0.01093475276,0.00475918523,0.02276307098
2023-02-09,-0.007912390339999999,-0.008669183,-0.00947328534,0.02995677878
2023-02-10,0.00190718373,0.0023336362999999997,-0.01118974751,-0.050308701520000006
2023-02-13,-0.00507614213,0.011739045189999998,0.0084147403,-0.01142770075
2023-02-14,0.0007537105800000001,-0.00046023786999999994,-0.00230193746,0.07506165228
2023-02-15,-0.00996466022,0.0032473827100000002,-0.00932512978,0.02384707288
2023-02-16,-0.00081924045,-0.0137687811,-0.014167879670000001,-0.0569454817
2023-02-17,0.00298682284,-0.00249828549,0.00777635594,0.031033458719999997
2023-02-21,-0.0037370080599999998,-0.02006089476,-0.01943739012,-0.052517882
2023-02-22,-0.00562653851,-0.00137813526,0.00916425939,0.01768252521
2023-02-23,-0.00053047271,0.00531941587,0.00977198697,0.00602409639
2023-02-24,-0.00719466887,-0.010682374080000001,-0.013000977520000002,-0.02568416885
2023-02-27,0.00392040392,0.0034058227,0.00277310092,0.05460178789
2023-02-28,0.00455594344,-0.00369597466,0.004543209879999999,-0.00924721861
2023-03-01,0.0057721757600000005,-0.00383586534,-0.010719044339999999,-0.01429196442
2023-03-02,-0.00058561724,0.00777727112,-0.00886719139,-0.05853923164
2023-03-03,0.010723075120000002,0.01603780699,0.02422597507,0.03609219487
2023-03-06,-0.00504377065,0.00069274351,-0.00775345961,-0.02012235199
2023-03-07,-0.01748048013,-0.01532870176,0.006132542039999999,-0.031474124140000004
2023-03-08,-0.00047443957,0.00163205865,0.00098309084,-0.030419263760000002
2023-03-09,0.00984929394,-0.018449814499999998,0.0024553133,-0.04989010989
2023-03-10,0.02156286722,-0.01442946164,0.03448613696,0.00300717095
2023-03-13,0.022948179670000003,-0.00142520277,0.00227294251,0.0059963099600000005
2023-03-14,-0.00579107163,0.016529997919999997,-0.01644146272,0.05032095369
2023-03-15,0.00780410564,-0.006254307810000001,0.01931021232,-0.01533340609
2023-03-16,0.00202008866,0.01754521167,-0.00782280867,0.020393460789999998
2023-03-17,0.029120232960000002,-0.01164776451,0.01500902441,-0.02172378211
2023-03-20,0.00038091092,0.00961563117,-0.0087973795,0.01732082385
2023-03-21,-0.018875108789999998,0.0131304922,-0.00859220093,0.07819918145
2023-03-22,0.01702056883,-0.01704645158,0.013333333329999999,-0.03254377973
2023-03-23,0.01253815962,0.00270332305,0.0,0.00559769814
2023-03-24,-0.01125228814,0.00656204695,0.00422932331,-0.00941629383
2023-03-27,-0.009256738359999999,0.0018698673399999998,-0.02349087506,0.00735255501
2023-03-28,0.00818906293,-0.00224469722,0.0018209699100000002,-0.0136593504
2023-03-29,-0.00496075011,0.01453488372,-0.00200899263,0.02478989376
2023-03-30,0.00903960993,0.00585523857,0.00460122699,0.007220961420000001
2023-03-31,-0.005212292320000001,0.014094624719999999,0.01498091603,0.062371978700000004
2023-04-03,0.0072044536599999995,0.0038105474,0.00468886904,-0.061168418009999996
2023-04-04,0.01864094505,-0.00554812021,0.00497185741,-0.01124403142
2023-04-05,-0.00079795723,-0.00261824944,0.01045458788,-0.03666008931
2023-04-06,-0.00713411063,0.00390088322,0.00258660508,-0.00247951703
2023-04-10,-0.00739986058,0.00102641805,-0.01612457385,-0.00297200908
2023-04-11,0.00632056615,0.00026854813000000004,0.00206031092,0.012357053819999998
2023-04-12,0.0048851191799999995,-0.00407595431,-0.00102803738,-0.03346003533
2023-04-13,0.01351567926,0.01328268595,-0.007858546170000001,0.029688711639999997
2023-04-14,-0.01771030993,-0.0024427407100000003,-0.00914662895,-0.00484131253
2023-04-17,-0.00445374544,0.00358822674,-0.01189569852,0.01102702703
2023-04-18,0.003880774,0.0006522684400000001,0.00356351729,-0.014595808379999999
2023-04-19,-0.0047785234900000004,-0.0001689964,-0.0009596929,-0.02018338669
2023-04-20,0.00393828226,-0.0054570918,0.00854947166,-0.09745833103000001
2023-04-21,-0.00988768875,0.00077692532,-0.00561958282,0.01282287257
2023-04-24,0.00303934871,0.0010431829200000001,0.0096743295,-0.01532590259
2023-04-25,0.00508630485,-0.01587378523,0.01470448724,-0.0115656721
2023-04-26,-0.005437415880000001,-0.0042356186,-0.01065818998,-0.043069645860000005
2023-04-27,5.413013e-05,0.01990800277,-0.00992250992,0.041886178860000005
2023-04-28,0.00027063599000000003,0.00853519556,0.01613057173,0.025719458140000002
2023-05-01,-0.00449134199,-0.0010097853,-0.028762023299999998,-0.01509342097
2023-05-02,0.01929662445,-0.01123920002,0.02492000388,-0.00939257245
2023-05-03,0.00847909556,-0.00686398598,0.00558183538,0.00187137421
2023-05-04,0.00703294379,-0.00708298613,-0.00987863393,0.0036734948
2023-05-05,-0.01564797311,0.01851257621,-0.0033257316599999997,0.05496277916
2023-05-08,0.00122692841,0.00026658265,-0.01401468205,0.01017288016
2023-05-09,0.0070861527,-0.00438532732,-0.00357764456,-0.01536759998
2023-05-10,-0.0014284202700000001,0.00467232862,0.00970402717,-0.00360626663
2023-05-11,-0.00858278146,-0.00174397481,0.010571840459999999,0.02100391598
2023-05-12,-0.00171004115,-0.0013102661800000002,-0.00836899667,-0.023826127380000003
2023-05-15,0.002141213,0.0034500352299999997,-0.010357725140000001,-0.00970353614
2023-05-16,-0.012499332299999999,-0.006682646909999999,-0.00300416707,0.00102194169
2023-05-17,-0.00346189214,0.01213893967,-0.00291601866,0.04407878933
2023-05-18,-0.01297291429,0.00963321533,-0.007408851629999999,0.01742781548
2023-05-19,0.00989881214,-0.0014550485399999998,-0.0070713022999999995,0.01837300017
2023-05-22,-0.00234153779,0.00040609622,-0.00356083086,0.048462307090000004
2023-05-23,0.00120080782,-0.01122280857,0.0028786976399999996,-0.01641340605
2023-05-24,-0.008068472989999999,-0.00724480185,-0.00494902504,-0.01544921139
2023-05-25,-0.00961802693,0.00865990416,-0.00248681985,0.00858392564
2023-05-26,0.00399556049,0.0129506813,0.00807738333,0.04716214019
2023-05-30,0.0061905814699999995,0.00038093424,0.00999109704,0.04136253041
2023-05-31,0.00153812349,-0.00554524252,0.008716944170000001,0.013770133229999999
2023-06-01,0.00789820097,0.00950101711,0.00391345762,0.017604079829999997
2023-06-02,-0.01474749673,0.014461144560000002,-0.01095810706,0.031081341560000003
2023-06-05,0.006020436340000001,-0.00191624603,-0.00186292774,0.017011730620000002
2023-06-06,0.00109805644,0.0021774760000000002,0.00589390963,0.01700289509
2023-06-07,-0.012010529780000001,-0.00345770156,-0.01484375,0.014730468569999999
2023-06-08,0.01321121288,0.00604852889,0.011697065820000001,0.045820902170000004
2023-06-09,-0.00268449022,0.00179432806,-0.00137174211,0.040619943799999995
2023-06-12,-0.0008789277099999999,0.00907187718,0.0029434850899999997,0.02221767594
2023-06-13,-0.007367495050000001,0.00659289995,-0.009880649580000001,0.035544170039999996
2023-06-14,0.00055389387,0.00119085788,0.00800316174,-0.007421437130000001
2023-06-15,0.007030558019999999,0.01239763942,0.00960595962,-0.00346586705
2023-06-16,-0.00153922269,-0.00339275418,-0.0038834951499999997,0.018132082839999997
2023-06-20,-0.01035071299,-0.0051881855,0.006920077970000001,0.05338911492
2023-06-21,-0.0014464534100000002,-0.00512374766,0.00241990127,-0.05461832756
2023-06-22,-0.00991698702,0.00360969329,-0.01207029741,0.01984891698
2023-06-23,0.00275730122,-0.0075599642600000004,0.00996969993,-0.030270964820000003
2023-06-26,0.0017396184100000002,-0.00408577826,0.00106455047,-0.06060015588
2023-06-27,-0.00459358019,0.01096328574,-0.00261020882,0.03800041485
2023-06-28,-0.00230738927,0.00050439049,0.00426480566,0.0240997562
2023-06-29,-0.0010717509,0.00394142854,-0.01804845092,0.00491726506
2023-06-30,0.00666327856,0.01180068932,0.01179477098,0.01658252427
2023-07-03,0.0011218937599999999,0.00115051435,-0.00565653779,0.06895366161
2023-07-05,-0.00353000504,-0.00148718989,-0.0095023511,0.00950611107
2023-07-06,-0.00298020693,-0.007830659169999999,-0.01414301256,-0.02102803738
2023-07-07,0.00750098697,-0.00252467816,-0.00601926164,-0.007629999280000001
2023-07-10,0.00078369906,0.0025310682899999997,0.00131207105,-0.01756367744
2023-07-11,0.00374762278,0.00636855752,0.00514061083,0.00066763102
2023-07-12,0.01354137643,0.00804592506,0.011131167269999999,0.00815449053
2023-07-13,0.0007147569800000001,0.007936863819999999,0.010512744220000002,0.02172874003
2023-07-14,-0.0031866381,-0.0006228312099999999,-0.0058887035,0.0125224901
2023-07-17,0.00071652979,0.00347222222,0.00049363215,0.03198521572
2023-07-18,0.011456267899999999,0.0074305740399999995,0.00453917505,0.0101935395
2023-07-19,0.0001633631,0.00222373896,0.01129666012,-0.007090747939999999
2023-07-20,-0.00506342898,-0.006634446400000001,-0.01214181642,-0.09737004737999999
2023-07-21,-0.00306446317,0.0,0.00029498525,-0.01095473564
2023-07-24,-0.0042814798599999995,0.00446724756,-0.0036370785399999998,0.03476655642
2023-07-25,0.00556780595,0.0027300748600000003,-0.0018745067100000002,-0.014048911019999999
2023-07-26,0.00487911847,0.00015369752,0.00098843531,-0.0035057297900000003
2023-07-27,-0.01571194763,-0.006629931289999999,-0.01945294757,-0.03268394174
2023-07-28,0.00798137679,0.00979027161,0.00513595166,0.04196159712
2023-07-31,0.0026943802900000003,0.00190405323,0.00240456868,0.0037156583100000002
2023-08-01,-0.0103646833,-0.00286157408,-0.01633901049,-0.02378192424
2023-08-02,-0.00476559902,-0.01391079565,-0.010699001429999999,-0.026659516600000002
2023-08-03,-0.00033407572,-0.0028658387600000003,-0.02307137707,0.020502931800000002
2023-08-04,0.00362036315,-0.0045227698100000005,0.017712177120000002,-0.021055067099999998
2023-08-07,-0.00227537599,0.00872854233,-0.00984150005,-0.00949342157
2023-08-08,-0.0063410835499999995,-0.00434869428,0.01161330822,-0.00695963412
2023-08-09,-0.00475817286,-0.00668523677,0.00517116558,-0.03007609131
2023-08-10,-0.00106867653,0.0003589456,-0.01646259903,0.013006317350000001
2023-08-11,0.0,-0.0005830773,-0.0023014959700000002,-0.01096437597
2023-08-14,-0.00304054054,0.0055200269300000005,-0.0022019503,-0.011910158660000001
2023-08-15,-0.00265446741,-0.01164892549,-0.0060949978999999994,-0.02836169503
2023-08-16,-0.00577609151,-0.00733816523,-0.007824064280000001,-0.031593406590000005
2023-08-17,-0.00153784815,-0.0076198708,-0.0042625746,-0.028280141840000002
2023-08-18,0.0001711352,0.00048133122,0.0035316780800000004,-0.01701487091
2023-08-21,0.00273769463,0.006506300109999999,-0.0133304895,0.07327486193999999
2023-08-22,0.00164950799,-0.00270860837,0.0076740164300000005,0.0082583881
2023-08-23,0.01016467916,0.01113773822,0.024777432159999998,0.0157382392
2023-08-24,-0.00022485806,-0.01385910661,-0.0065940967100000004,-0.02879338006
2023-08-25,-0.00129322463,0.00704982948,0.0032662522399999998,0.03716744914
2023-08-28,0.0028712982799999997,0.006341341459999999,0.00105019954,0.00096399681
2023-08-29,0.00976814686,0.01445478363,0.01038606798,0.07687798342
2023-08-30,0.0025018068599999997,0.00411879954,-0.00103831378,-0.00108873163
2023-08-31,-0.00166370896,-0.00146338219,0.00446938988,0.0045932269399999994
2023-09-01,0.0004999444499999999,0.00186521594,-0.01553622724,-0.05064321141
2023-09-05,-0.00816167897,-0.0043219043,-0.01402214022,0.046855230399999996
2023-09-06,-0.00453425884,-0.006722464609999999,0.00245936698,-0.017817458770000003
2023-09-07,0.0010684361500000001,-0.00307023441,0.00277333333,-0.00170689108
2023-09-08,0.00033704077999999996,0.00150612566,0.00382937985,-0.01188914072
2023-09-11,0.0018530997299999999,0.00657658467,-0.00720567977,0.10092555332
2023-09-12,-0.00515666162,-0.00548556138,0.00576368876,-0.02229695153
2023-09-13,-0.0023099893,0.0011659454199999999,-0.00021224663,0.0142814416
2023-09-14,0.0005082448600000001,0.00862242727,-0.00721791742,0.017471433839999998
2023-09-15,0.00660382683,-0.01200557554,-0.0060943012900000005,-0.00597739458
2023-09-18,0.00588763037,0.00058641766,0.00570137694,-0.0332009184
2023-09-19,-0.0009476559499999999,-0.00207380024,-0.0073804685,0.00459891435
2023-09-20,0.00072536547,-0.009193377150000001,0.003125,-0.01467166979
2023-09-21,-0.00724839699,-0.01652836039,-0.02567407885,-0.02623862295
2023-09-22,0.00320134794,-0.0022485454,0.008048511579999999,-0.04231521314
2023-09-25,-0.00515059904,0.00420519493,-0.02460899048,0.00861646521
2023-09-26,-0.00799099606,-0.01469125234,-0.00347611572,-0.01161990364
2023-09-27,-0.01236668936,0.00039917348,-0.00517609992,-0.01482877273
2023-09-28,-0.00499712809,0.0057974416100000006,0.00305395317,0.02444906445
2023-09-29,-0.010275356460000001,-0.0024269579,0.000112765,0.01558568066
2023-10-02,-0.010498687659999999,-0.00039767942,-0.01668718007,0.005515146669999999
2023-10-03,-0.00288829944,-0.01338606632,-0.02151156103,-0.02015103339
2023-10-04,-0.00011823125999999999,0.0072819564,0.01410768869,0.059343690420000005
2023-10-05,-0.00183280123,-0.00037677201,-0.00498492928,-0.0042502680300000005
2023-10-06,0.005153112600000001,0.011872791519999999,-0.01211697542,0.00184579888
2023-10-09,0.01838538598,0.0064021977,0.023469748789999998,-0.0033009634199999997
2023-10-10,-0.00167804652,0.0052048393400000005,-0.0013828071,0.015211614739999999
2023-10-11,0.00730307773,0.0040962857299999995,0.020886222019999998,-0.00238980351
2023-10-12,-0.00304965763,-0.00609644298,-0.02712783995,-0.0156659949
2023-10-13,0.032148216550000004,-0.0049808605799999996,0.017892413149999998,-0.029937806619999997
2023-10-16,-0.00486495554,0.010521436850000001,-0.01609405319,0.01115004779
2023-10-17,0.00185434929,-4.586735e-05,-0.01102088167,0.00366257089
2023-10-18,0.01447080599,-0.01332507683,-0.00879765396,-0.04775358054
2023-10-19,0.01227400896,-0.00878640664,-0.020473372780000002,-0.0930031317
2023-10-20,0.00273089737,-0.01228806604,0.005678385889999999,-0.03689064559
2023-10-23,-0.0033770902600000004,-0.00173318455,0.012013455070000002,0.00042454833
2023-10-24,-0.00010930754000000001,0.0075393616500000005,0.01317663818,0.02093549604
2023-10-25,0.00420880022,-0.01435214692,-0.02226127709,-0.01893589507
2023-10-26,0.0015784890100000002,-0.01197461382,0.01533852606,-0.03135297995
2023-10-27,0.011629802730000001,-0.0045327839,-0.00424879027,0.0074844479
2023-10-30,-0.00564061241,0.01195578066,-0.00450397061,-0.04794983116
2023-10-31,-0.00545650999,0.00628022811,-0.00488153352,0.01763275233
2023-11-01,-0.00315063284,0.010664753709999999,0.0216115219,0.02399920335
2023-11-02,0.00332406953,0.01916434013,0.02279670975,0.06248176602
2023-11-03,0.00363893113,0.00912340979,0.00677849265,0.006635851910000001
2023-11-06,-0.0077926294699999996,0.00230049,-0.00969987447,-0.0031369339899999997
2023-11-07,-0.00414507772,0.00284606027,0.01474994238,0.013271309339999999
2023-11-08,-0.00996768717,0.0007323827600000001,0.01703384056,-0.00031505986
2023-11-09,0.00398296177,-0.00779874214,-0.02300133988,-0.054612579349999996
2023-11-10,-0.01090969199,0.01560483127,0.005600000000000001,0.022240213350000003
2023-11-13,0.00557072029,-0.00095322394,-0.0022729855700000003,0.04220824598
2023-11-14,0.00891917345,0.01940071333,0.02266772981,0.06123999821
2023-11-15,-0.0026356248599999996,0.002117086,-0.014034306080000001,0.02287182511
2023-11-16,0.01128606034,0.00122309198,0.01242657027,-0.038090924070000004
2023-11-17,-0.00010887908999999999,0.00124380872,0.00468645392,0.00303951368
2023-11-20,-0.00163336419,0.007697597550000001,0.00610839627,0.00554844217
2023-11-21,0.01079784043,-0.00217936864,-0.00044154984,0.02376910017
2023-11-22,-0.00426220664,0.0038608335,0.0035339591399999996,-0.028980099500000002
2023-11-24,0.00520156047,0.0006153575700000001,-0.01177506328,0.00529439392
2023-11-27,0.00673781803,-0.00180101032,0.01670378619,0.00267572733
2023-11-28,0.01333190555,0.00099014258,0.0019715224500000002,0.04506946798000001
2023-11-29,0.00147944626,-0.00070340492,0.01257105378,-0.010457198439999999
2023-11-30,-0.00416798565,0.00393744088,-0.011551333260000001,-0.01662980257
2023-12-01,0.017271523179999998,0.00591586328,0.018773700310000002,-0.005206597800000001
2023-12-04,-0.02161345763,-0.005249401,-0.0040326916899999996,-0.013608005690000001
2023-12-05,-0.0037794102,-0.00019707022000000002,0.021540787130000003,0.0133288055
2023-12-06,0.00368688218,-0.00402978537,0.0133178311,0.0027228552299999997
2023-12-07,0.00165034072,0.00763039845,-0.0057369354299999994,0.01366085976
2023-12-08,-0.013340419880000001,0.00429915108,-0.00818296265,0.00494559842
2023-12-11,-0.01104287869,0.00388961321,-0.00211550666,-0.01681430446
2023-12-12,-0.00054469198,0.00456719842,0.00296798813,-0.01138733628
2023-12-13,0.02256253747,0.013790131439999999,0.02346227013,0.00961984726
2023-12-14,0.00586260193,0.00320935175,0.02592455597,0.04914538844
2023-12-15,-0.0091665342,-0.00163964111,0.00111066236,0.009759012150000001
2023-12-18,0.0045454545499999995,0.005625039950000001,-0.00796772567,-0.00560157791
2023-12-19,0.0068139472999999996,0.00608089497,0.00538836926,0.02039035227
2023-12-20,-0.0054459895300000005,-0.0138572993,0.0067752047699999995,-0.03918824353
2023-12-21,0.00707070707,0.00948191176,-0.00632784251,0.02978069111
2023-12-22,0.0044343557,0.00200973133,-0.00459921156,-0.00770137525
2023-12-26,0.00762074946,0.00422252718,0.00289413557,0.01611625881
2023-12-27,0.00453786772,0.00180805214,0.01771972458,0.0188223374
2023-12-28,-0.0058154629,0.00037774653,-0.007262958910000001,-0.03159424725
2023-12-29,-0.00156682509,-0.0028949631799999997,-0.00901984366,-0.0185638676
2024-01-02,-0.00235392583,-0.00559634765,-0.005764563110000001,-0.00024146813
2024-01-03,-0.00833682886,-0.00816671956,0.00417048113,-0.04013364463
2024-01-04,0.00100460001,-0.00322105847,-0.015194489470000001,-0.0021807506800000003
2024-01-05,0.00015846186000000002,0.00136962849,-0.00956593294,-0.0018492833999999999
2024-01-08,-0.007816213360000001,0.01427594461,0.009866029699999999,0.01246368268
2024-01-09,0.00031936978,-0.001517067,-0.006375976960000001,-0.02283218964
2024-01-10,-0.00228808599,0.0056554402,-0.00465742082,-0.004341164450000001
2024-01-11,0.00197333333,-0.00044065805,0.00561505667,-0.02872531418
2024-01-12,0.00979400649,0.0006927679200000001,-0.00196463654,-0.03666050524
2024-01-16,-0.00948816615,-0.00367122598,-0.017612929960000002,0.00465987482
2024-01-17,-0.011015911869999999,-0.0055587139200000005,-0.00158194474,-0.01982629257
2024-01-18,0.008232888510000001,0.00889284126,-0.00929544734,-0.01702621202
2024-01-19,0.00298873886,0.01246615879,0.00319863525,0.00146309232
2024-01-22,-0.00377800245,0.00211429637,0.005951748329999999,-0.015976247699999998
2024-01-23,0.00389915607,0.00291653739,-0.00792393027,0.0016283524899999998
2024-01-24,-0.00824687417,0.00109309904,-0.00585729499,-0.00626374677
2024-01-25,0.00396995708,0.0054389254,0.0065345474,-0.12125294712000001
2024-01-26,-0.00069466709,-0.0012704136999999998,-0.00191570881,0.00339484203
2024-01-29,0.007058446069999999,0.00791941076,0.011516314780000002,0.041909959069999995
2024-01-30,0.00138055541,-0.0007735054,0.00906599199,0.00345676426
2024-01-31,-0.0007423511300000001,-0.01631730123,0.00982030924,-0.02244376011
2024-02-01,0.01040063677,0.01308813784,0.01955433478,0.00838272198
2024-02-02,-0.00945328502,0.010527391660000001,-0.02208876221,-0.0050301810899999995
2024-02-05,-0.00551402365,-0.00364114494,-0.02019360883,-0.03645362141
2024-02-06,0.0052247161099999995,0.00290325855,0.0097737172,0.0223130454
2024-02-07,-0.00026518164999999997,0.00834041864,-0.00483955813,0.01339816316
2024-02-08,-0.00090185676,0.00044167838000000004,-0.00581456814,0.01055549632
2024-02-09,-0.0038761748000000003,0.00577941885,-0.00202041684,0.021154251949999998
2024-02-12,-0.0026119403,-0.00043894653,0.00117208311,-0.02810352844
2024-02-13,-0.013788680460000001,-0.013773004909999999,-0.01713495104,-0.02184659544
2024-02-14,-0.00059610903,0.00908759715,0.005089334060000001,0.025486360179999997
2024-02-15,0.00672378267,0.00689973324,0.00517129929,0.062211859470000005
2024-02-16,0.0036626090700000004,-0.00497998048,-0.00578778135,-0.00249438763
2024-02-20,0.0060641837499999995,-0.00550539529,0.0008624407100000001,-0.030957739430000002
2024-02-21,5.3341869999999996e-05,0.00090587004,-0.00710900474,0.005212634189999999
2024-02-22,0.00042671218,0.02069548078,0.00488175309,0.01355444884
2024-02-23,0.005651524850000001,0.00068965517,0.01338659182,-0.02755686135
2024-02-26,-0.00222669918,-0.00366249877,-0.00298284862,0.03870396416
2024-02-27,-0.0010626992600000001,0.00185774422,-0.00705203547,0.00165496489
2024-02-28,0.00180851064,-0.00132168149,0.00634886474,0.01156561358
2024-02-29,0.00515026017,0.00359499072,0.00705731394,-0.00079192239
2024-03-01,0.01891078126,0.00938828531,0.00621399448,0.00376461264
2024-03-04,0.01617502203,-0.00107243833,-0.00402244099,-0.07155546782
2024-03-05,0.006020101020000001,-0.00999414406,0.014241683489999999,-0.03933241203
2024-03-06,0.00821542675,0.005067234510000001,0.00586817563,-0.02323780015
2024-03-07,0.00568381872,0.00992643453,-0.0009375976699999999,0.01195196556
2024-03-08,0.00845253576,-0.00600221441,-0.0017726798699999999,-0.01852784775
2024-03-11,0.0018350443899999998,-0.00085984523,-0.00052230231,0.01385878864
2024-03-12,-0.01094059406,0.010757314970000001,-0.00836120401,-0.0012938066
2024-03-13,0.00700735773,-0.00156739812,-0.004848229339999999,-0.04539822012
2024-03-14,-0.00417515781,-0.00197685912,-0.01535691591,-0.04118480057
2024-03-15,-0.00319440978,-0.00684544713,-0.00032268474,0.00658461538
2024-03-18,0.00160232337,0.00594315752,-0.00301269636,0.06254203093
2024-03-19,-0.00114982753,0.00555707211,0.00280595726,-0.014269275029999999
2024-03-20,0.01191191191,0.00924938434,-0.00032285836999999996,0.02533271072
2024-03-21,-0.00103867841,0.00330464187,0.00215308429,-0.016167596490000002
2024-03-22,-0.00802099322,-0.00189582535,0.00956064024,-0.011514870960000001
2024-03-25,0.00319440978,-0.0027628019399999998,-0.00500106406,0.01053679096
2024-03-26,0.00323399174,-0.0018469707799999998,0.00278045129,0.02919538898
2024-03-27,0.00724062686,0.00840384727,0.00991788418,0.01215737041
2024-03-28,0.01290004924,-0.00019114246000000003,-0.0008447729700000001,-0.022465662009999998
2024-04-01,0.010208049779999999,-0.00173972891,-0.01857508983,-0.00324250526
2024-04-02,0.01477239919,-0.0063582043799999995,-0.005510534849999999,-0.049024084009999996
2024-04-03,0.00877234577,0.0010986045799999998,-0.00021729683,0.01050231051
2024-04-04,-0.0057346996299999994,-0.012206156990000001,0.0071723538399999995,0.016213327
2024-04-05,0.01711422088,0.01044691757,-0.013918860600000001,-0.036292443460000004
2024-04-08,0.00622850237,0.00055938121,-0.00010942116,0.04899939357
2024-04-09,0.005497043609999999,0.0011566934,0.009301816590000001,0.02254595907
2024-04-10,-0.00946386732,-0.010013094049999999,-0.021793342729999998,-0.028946178200000002
2024-04-11,0.01943323594,0.007546876219999999,-0.00454444691,0.01653469958
2024-04-12,-0.013239308460000002,-0.0138030888,0.00534461641,-0.02033218786
2024-04-15,0.0187191664,-0.01252813938,-0.01550559309,-0.05594855305
2024-04-16,0.00122199593,-0.00182376846,-0.00663741703,-0.02706217488
2024-04-17,-0.00736823072,-0.00591821739,0.01109852775,-0.010565845590000001
2024-04-18,0.00341545608,-0.00205773649,-0.005040322579999999,-0.03550981023
2024-04-19,0.00313152401,-0.00872837924,0.00360238658,-0.01920896418
2024-04-22,-0.02470252907,0.00920914452,-0.00168255749,-0.03400204012
2024-04-23,-0.00245859814,0.01186664532,0.00033707865,0.01851460753
2024-04-24,-0.0018601190500000002,-0.00047463660999999996,-0.00707626643,0.12061100358999999
2024-04-25,0.00596347372,-0.00379889595,-0.007013574660000001,0.04965151422
2024-04-26,0.0032419414600000003,0.00947387237,0.0052403736599999995,-0.01110588788
2024-04-29,-0.00203120672,0.00354149451,0.0083862194,0.1530691069
2024-04-30,-0.019937089459999998,-0.01584127358,-0.00854124522,-0.05550115949
2024-05-01,0.00906216076,-0.00324714132,0.00734236001,-0.01795067656
2024-05-02,-0.00308714159,0.00935345258,0.00429087624,0.00011111727999999999
2024-05-03,-0.00079763525,0.01239530325,0.01011918147,0.0065551913799999995
2024-05-06,0.01051840721,0.0103268204,0.00389581478,0.01970307412
2024-05-07,-0.00460037175,0.00110343226,0.00609823706,-0.03761636718
2024-05-08,-0.00294103917,9.668562e-05,-0.006061273969999999,-0.017378100219999998
2024-05-09,0.015778630959999998,0.00576190568,0.00487858964,-0.01573946886
2024-05-10,0.008112468309999999,0.00128804045,-0.00562727574,-0.020352387040000003
2024-05-13,-0.01120204837,0.00013439828,0.00255215269,0.020300350210000002
2024-05-14,0.008462036440000001,0.00458812463,0.005644715,0.032928035370000004
2024-05-15,0.0128387363,0.01238295433,0.013647369579999999,-0.02005068995
2024-05-16,-0.0038933405799999998,-0.0020574578099999997,-0.0009771987,0.00488533824
2024-05-17,0.01649775031,0.0014375153700000001,-0.006738398,0.01498512926
2024-05-20,0.00402396495,0.00115213901,-0.0029543713799999997,-0.01414403246
2024-05-21,-0.00146954043,0.00245255254,0.00515803336,0.06659045442
2024-05-22,-0.01837399099,-0.0028794037900000003,0.00120100448,-0.034780278670000005
2024-05-23,-0.01994457317,-0.00730422966,-0.006434023989999999,-0.03536727555
2024-05-24,0.0009271277599999999,0.0066164727400000005,0.0029634507700000002,0.031656498219999996
2024-05-28,0.010513153019999999,0.00069885162,-0.01433574086,-0.0138919884
2024-05-29,-0.00930381777,-0.00700251033,-0.01210169868,-0.0031683168299999997
2024-05-30,0.00189674315,-0.00663371983,0.00966509328,0.01475679664
2024-05-31,-0.00586415478,0.00910813035,0.0067898486199999995,-0.00397113933
2024-06-03,0.00891778913,0.00081536682,0.01612266446,-0.01005166217
2024-06-04,-0.008977073930000001,0.0011178476699999999,0.011681222710000001,-0.008622156669999999
2024-06-05,0.01184558926,0.01188516058,0.00733786554,0.00131601533
2024-06-06,0.00739142411,-1.870313e-05,-0.0014997321899999998,0.0168
2024-06-07,-0.03568336144,-0.00121572588,-0.01834567107,-0.00258514106
2024-06-10,0.00916824197,0.00308982978,-0.00666666667,-0.02079107505
2024-06-11,0.00285660766,0.0024082440399999998,0.01034217186,-0.01801024225
2024-06-12,0.00266168573,0.00821305522,0.00751388435,0.0388491738
2024-06-13,-0.00815014903,0.00201344761,0.01469952443,0.02921766597
2024-06-14,0.01295957177,0.000608351,0.008414997870000001,-0.02444237409
2024-06-17,-0.00519167478,0.00795902576,-0.00992922784,0.05297455199
2024-06-18,0.004007269,0.00254066898,0.00917529073,-0.013764404610000001
2024-06-20,0.01248433657,-0.00271654907,-0.006660323500000001,-0.01779725197
2024-06-21,-0.01549321599,-0.00133633638,0.0,0.00793082558
2024-06-24,0.00395753795,-0.00325062901,0.00404427416,-0.00234959838
2024-06-25,-0.00496220377,0.00385083097,0.00169599322,0.02612553401
2024-06-26,-0.00922818792,0.0012480957400000001,-0.01428571429,0.04814518281
2024-06-27,0.01133690846,0.00157650639,0.00397208803,0.00534704894
2024-06-28,9.302758267818e-05,-0.00393506232040554,-0.0186056458511548,0.0023300577449093703
2024-07-01,0.0026045300218594603,0.00205799125353718,-0.0172030507735891,0.060541742470184
2024-07-02,-4.638864405989e-05,0.00672974658011508,0.00778556334111893,0.101972743733918
2024-07-03,0.0112729634440527,0.00446257809511675,0.013133208255159401,0.0654241978725244
2024-07-05,0.013486857195284202,0.0057665107170056795,0.00827886710239657,0.0208206501887253
2024-07-08,-0.0124021183180193,0.00115390162988603,0.00216076058772691,0.005645674300254399
2024-07-09,0.0016957697419680302,0.00097248235124636,-0.0044200086244071905,0.0371234284810626
2024-07-10,0.00366032210834559,0.00989528984203519,0.003140227395777,0.00354515305150004
2024-07-11,0.0177334062727935,-0.00862253260172456,0.00971502590673581,-0.08444123680012151
2024-07-12,-0.00062709966405369,0.00630750431282344,0.00427624545648911,0.0298718001908476
2024-07-15,0.00322710770471964,0.00275004910801972,-0.0114967000212902,0.0177657817346815
2024-07-16,0.0199258365723986,0.00593022634587652,0.0141072582382081,0.0155161494616847
2024-07-17,-0.0046432169608831,-0.0140211733880961,0.00021238186258889,-0.031415653258497
2024-07-18,-0.00638119966553707,-0.00768484935540648,-0.007644123579997861,0.00293762575452712
2024-07-19,-0.017937815572681398,-0.006640610863822169,-0.00588424093291962,-0.040243951370220306
2024-07-22,0.00031569927389177,0.0103098417093207,-0.0029057253551441698,0.0514632107023412
2024-07-23,0.00351668169522092,-0.00156855674749843,-0.0014031300593633001,-0.0203968033080195
2024-07-24,-0.0035043579836463302,-0.0226624291234786,-0.0108084738434933,-0.123346050815813
2024-07-25,-0.0156447249774572,-0.0052103541932266295,0.00819493006993007,0.0197231353303393
2024-07-26,0.010534511977282,0.011199643394439301,0.00780318630107293,-0.00204313280363218
2024-07-29,-0.0014050673072565,0.0005877599000807001,0.00537692224970427,0.055959963603275605
2024-07-30,0.00998547567175026,-0.00506645128129817,0.0038506792170285497,-0.0408444635932787
2024-07-31,0.0181107316196297,0.0162546125461254,0.0102290889717635,0.042449016260892904
2024-08-01,-0.00344294857647319,-0.0141609629454802,0.00859462082058854,-0.0655405696557072
2024-08-02,-0.00190459317004034,-0.0186184416493251,0.031161473087818702,-0.0423775707829938
2024-08-05,-0.0126919321913553,-0.0291236629761681,0.00529100529100525,-0.0423267684306833
2024-08-06,-0.00800071916576771,0.00921952916618343,-0.0223684210526315,0.00884955752212385
2024-08-07,-0.0006796556411417199,-0.0066839030929809595,-0.00704006625944722,-0.044258373205741594
2024-08-08,0.015688052595783198,0.0231172637180427,-0.00615160045876346,0.0369211514392992
2024-08-09,0.0024552475335923,0.0044096862338641905,0.00986151909357965,0.00583383625025144
2024-08-12,0.01714463840399,0.00052533818645748,0.0036359858715977,-0.012549999999999999
2024-08-13,-0.0015323322096230199,0.0164457029272226,0.00693509988614017,0.0523570813712087
2024-08-14,-0.00815574848724026,0.00315474872703128,0.00627055921052631,-0.031034980512919298
2024-08-15,0.00313881520778076,0.0171402298850576,-0.008070282970681441,0.063362796702751
2024-08-16,0.0223877308183862,0.00224203084600484,0.00350154479917614,0.00924628747548341
2024-08-19,-0.0016380016380016199,0.00956143674117384,0.00461822660098525,0.030538589672404203
2024-08-20,0.0036699624368550297,-0.0016261324851235101,0.007968127490039851,-0.00727370689655174
2024-08-21,-0.0013335627634862,0.0034365491319133003,0.00060808756460933,0.0098145635459069
2024-08-22,-0.0119750161533491,-0.00784845349791298,-0.0099260609743746,-0.0564787029157523
2024-08-23,0.0115533853598989,0.010625292150587799,0.00654731457800512,0.0458558815152378
2024-08-26,0.0031893802258425204,-0.00238379022646013,-0.0025409086289257,-0.0322712418300653
2024-08-27,0.00270665062725552,0.0013730630004101,-0.00173221927858164,-0.0187608461141597
2024-08-28,-0.00702686490423748,-0.00580525678467126,-0.00122486475451674,-0.0165384063859281
2024-08-29,0.00517799352750804,8.955758552762001e-05,-0.00327031170158399,0.00257594167679223
2024-08-30,-0.0071259927022966196,0.00954598370197892,-0.010663385624936,0.0379581151832461
2024-09-03,-0.00432357646244974,-0.0205790519443654,0.0162999481811587,-0.0163934426229509
2024-09-04,0.00060792913283258,-0.00204680481089696,0.012890025575447599,0.0418328584995252
2024-09-05,0.00833224840515552,-0.00243216262818773,0.00565599434400554,0.0490406089057016
2024-09-06,-0.00740262534968796,-0.016830115900365702,-0.00010043185698494,-0.0844593126819308
2024-09-09,0.00420587087542817,0.0111962395440076,0.00431900361590993,0.026289564846011602
2024-09-10,0.00440414507772025,0.00435570359254039,0.00700070007000703,0.0457761131918434
2024-09-11,-0.0015905769065428798,0.0102589332896008,-0.00079451782699373,0.00866604766326218
2024-09-12,0.0175672766415501,0.0084232170556619,-0.00467150382665738,0.00736422215403501
2024-09-13,0.009943722760546671,0.00522277271995557,0.00269622528460152,0.00208868195465815
2024-09-16,-8.379420144129999e-05,0.0014768420490739302,0.0091624340205159,-0.0152416518303009
2024-09-17,-0.00553088075085893,0.00040864188757021,-0.0048356853843875905,0.0048064203192521495
2024-09-18,-0.00771045757141659,-0.0029658834603159003,-0.012395874652915499,-0.00294027296265421
2024-09-19,0.0155407413697932,0.0170644816530104,-0.00331358570137562,0.07359154929577459
2024-09-20,0.0127106242421709,-0.0017241742267680399,-0.00382832963933115,-0.0232453263365037
2024-09-23,0.00194046488584286,0.00249890013198409,-0.00212378640776693,0.049317943336831094
2024-09-24,0.013969012691610301,0.00286130566819386,-0.00020269585486973,0.017079999999999998
2024-09-25,-0.0013817206485959399,-0.00220549623665323,-0.00831221490116581,0.010815275101270201
2024-09-26,0.00508688397835022,0.00396463406076765,0.0023510170704283302,-0.0108940938448369
2024-09-27,-0.00793586525224706,-0.0014502883103266202,0.00520089740974904,0.024545669105499098
2024-09-30,-0.00799934699208231,0.004007209477312829,-0.00476818504616008,0.0044920525224603205
2024-10-01,0.0104912367316712,-0.00895844952593416,0.00719424057084608,-0.0137981118373276
2024-10-02,0.00020357477301406,0.00042207449614858997,-0.00842725149761396,-0.0348810169754282
2024-10-03,-0.00069201335178697,-0.0018282178391870799,-0.00942043825517102,-0.0335716006746447
2024-10-04,-0.00199600798403197,0.00908738684794471,-0.012301013024602,0.039142358514086296
2024-10-07,-0.0033877551020408702,-0.00904045516422923,-0.0075353218210360996,-0.036988163787588
2024-10-08,-0.0073719130114264,0.00945755547728074,0.00168722977960557,0.0152389652451937
2024-10-09,-0.0054462185914098005,0.00692639182092578,-0.00568480892725542,-0.0141104294478527
2024-10-10,0.0073428749222152305,-0.0017500086634092099,-0.0039174166225516595,-0.00945861854387057
2024-10-11,0.010913433819289999,0.00598823182267899,-0.00403911564625846,-0.08782510365623819
2024-10-14,-0.00162952702977963,0.0081783360364402,0.00069370330843114,0.00624426078971527
2024-10-15,0.00346839678459213,-0.00776971522453463,0.0122113795126113,0.0018707793392954799
2024-10-16,0.00500162654521803,0.00434647624961189,0.00421451901801713,0.00801566698547169
2024-10-17,0.0059882662350798695,8.586639189433001e-05,-0.0158430385059281,-0.00198798174671317
2024-10-18,0.010618187668423,0.0038464840731519,0.0007462686567165,-0.0008601566390511001
2024-10-21,-0.00019898913519326,-0.00164217656819315,-0.0174709704911047,-0.00838241957408244
2024-10-22,0.0107873576944511,-0.00053115843942214,0.0009758213162744101,-0.00402101896275986
2024-10-23,-0.012050565116370699,-0.00913735171089632,-0.0027079722703639503,-0.019819241179978898
2024-10-24,0.00769322756806317,0.00216266717417256,0.0064081676984903205,0.219190264451205
2024-10-25,0.00205696202531638,-0.00034528002209799997,-0.00561191452622487,0.0334382678132677
2024-10-28,3.9475761882280007e-05,0.0030913235700471098,-0.0027132624267419097,-0.0248151862996397
2024-10-29,0.010894880195791901,0.00161837370659219,0.00152356077919252,-0.0113900422841035
2024-10-30,0.00550587684017348,-0.00302525052855938,0.00293382592632833,-0.007590937114673129
2024-10-31,-0.015495145631067998,-0.0196031102912019,0.0016251354279523899,-0.0298971073577947
2024-11-01,-0.00410240227209969,0.00422059651097351,-0.0140558031368307,-0.0034820892535521505
2024-11-04,0.00142591198954337,-0.0021539646959933103,0.015521796565389701,-0.024660615310466597
2024-11-05,0.00225447929438751,0.012091749881539599,0.00531165311653111,0.0354142645363202
2024-11-06,-0.0303867403314918,0.024865614704352203,-0.027388397670907796,0.14751034043907102
2024-11-07,0.0160765160765161,0.0077321331889551505,0.0125277161862527,0.029043773611063202
2024-11-08,-0.00676947726817544,0.00433169355786511,0.0127011934742144,0.0818766629618403
2024-11-11,-0.0234715276657526,0.0009528745047559101,-0.004865390853065071,0.0895959155718821
2024-11-12,-0.00863137028165514,-0.00310641993453139,-0.014993481095176099,-0.061457142857142794
2024-11-13,-0.0100812330764425,0.00048584352487867,-0.00948599161703066,0.00532740722700843
2024-11-14,-0.00260909817783952,-0.00643011436896136,0.0057906458797326995,-0.057715600775193804
2024-11-15,-0.00177207712754731,-0.0128086289710964,-0.00265721877767931,0.030657497268461998
2024-11-18,0.019020245995181498,0.00409731113956462,0.0017761989342806,0.0561860813170366
2024-11-19,0.008959309801319,0.0036555300518574803,0.00509751773049654,0.0214323670071441
2024-11-20,0.0056320657759506895,0.0003388107741827,-0.00319735391400227,-0.0114739884393064
2024-11-21,0.00833946529310764,0.00536833192209985,-0.00077425063599152,-0.006987691138204209
2024-11-22,0.0128922403308198,0.0030993649670693004,0.00055346468895281,0.0380402779413497
2024-11-25,-0.0294588536663465,0.0033920505113264,0.0258878194490541,-0.0396244610846382
2024-11-26,0.00193830419003629,0.005221495155054981,-0.00388223875768359,-0.00106323281845287
2024-11-27,0.00222267956369632,-0.00303005077832338,0.00692865649020245,-0.0157880732046242
2024-11-29,0.00862458417183455,0.0062121136215619,0.0103214708095903,0.036859022499925
2024-12-02,-0.008754428111893831,0.00179238237490671,0.0023946046610621,0.034563680611889996
2024-12-03,0.0020128162997042802,0.00046386031178035,-0.008628954937679791,-0.0158783499957993
2024-12-04,0.00303365719673669,0.00620953453329138,0.010745755426606501,0.0185248420693187
2024-12-05,-0.0073977193771200996,-0.00164565711088438,0.00201998724218581,0.032296817813539
2024-12-06,0.00037058387548372,0.0018956252266508,0.0014854111405835598,0.053397926872175205
2024-12-09,0.00991973657131107,-0.00514963557690725,-0.00921707808030516,0.00146446739633111
2024-12-10,0.0131643299641343,-0.0031090824899120103,-0.004704875962360969,0.0287334205597886
2024-12-11,0.00953377046542502,0.0077305905773060405,-0.00945423291792002,0.0593032245193146
2024-12-12,-0.0146636914249283,-0.00515260264050307,-0.0121475054229935,-0.0157026155331119
2024-12-13,-0.012091556130702098,-0.00019856700809161,-0.0102108036890645,0.0433628318584071
2024-12-16,0.00241516230709404,0.00427003856275124,0.0029950083194675097,0.061412557595763605
2024-12-17,-0.00383861483175432,-0.00412004153001862,0.00243309002433089,0.0363699192259514
2024-12-18,-0.0191850455029926,-0.0298035711330652,-0.0124555163283319,-0.082794981869712
2024-12-19,0.0014210482320488299,-0.00030702053626245,-0.0151413189771197,-0.00899734169449931
2024-12-20,0.0104340567612688,0.011969882272649598,0.00569411228789432,-0.0346424559231493
2024-12-23,-0.00470879801734815,0.00598832783557486,-0.00917223417506514,0.0226571035006888
2024-12-24,0.0019920318725099202,0.0111150347239737,0.00422857142857148,0.073571760334417
2024-12-26,0.00675115970841615,6.652253450868999e-05,-0.00056902241948346,-0.0176300077874881
2024-12-27,-0.0068704488418973395,-0.0105264908371305,-0.00819858802095194,-0.0494792240107458
2024-12-30,-0.0031897265948633404,-0.0114115729147409,0.008036739380023,-0.0330120928508548
2024-12-31,0.006233636703652909,-0.00363809459045933,-0.00535307517084281,-0.032510002156153496
